sample_id,se1_date,village,zone,tapstand_code,se1_time,se1_frc,se1_trc,se1_turb,se1_airtemp,se1_wattemp,se1_cond,se1_ph,se1_orp,resp_consent,sa_cont,sa_cover,sa_clean,sa_opacity,sa_colour,se2_time,se2_frc,se2_trc,se2_turb,se2_wattemp,se2_cond,se2_ph,se2_orp,hh_steps,hh_minutes,se3_time,se3_frc,se3_trc,se3_turb,se3_wattemp,se3_cond,se3_ph,se3_orp,se4_time,se4_date,timelapse4,se4_frc,se4_trc,se4_turb,se4_airtemp,se4_wattemp,se4_cond,se4_ph,se4_orp,sb_watertransfer,sb_watermix,sb_waterused,sb_waterleft,sb_drawing,sb_cont,sb_cover,sb_clean,sb_opacity,sb_colour,sb_inout,sb_sunshade,,,,,,,,,,,
1,7/13/14,3,11,2,8:35,1.01,1.06,2.00,26.1,26.3,854,,,1,1,1,1,1,1,8:45,1.02,1.02,2.02,26.6,864,,,116,2.0,8:55,1.24,1.22,1.90,26.6,713,,,15:05,7/13/14,6:30,1.24,1.20,2.77,32.7,27.3,864,,,0,0,0,1.00,1,1,1,1,1,1,,,,,,,,,,,,,
2,7/13/14,3,16,6,9:15,0.94,0.96,5.58,28.3,28.3,1150,,,1,2,1,2,1,1,9:25,1.10,1.10,2.80,28.4,1152,,,125,2.0,8:40,0.92,0.93,2.81,28.9,1159,,,15:30,7/13/14,6:15,0.63,0.61,1.54,30.1,30.2,1159,,,0,0,0,1.00,1,2,1,2,1,1,,,,,,,,,,,,,
3,7/13/14,3,16,6,10:07,1.04,1.06,2.78,33.5,29.4,1153,,,1,2,1,2,1,1,10:22,0.82,0.85,3.34,82.8,573,,,200,2.0,10:49,0.99,1.02,3.48,28.7,574,,,15:55,7/13/14,5:48,0.87,0.92,,29.8,30.4,564,,,0,0,0,0.90,1,2,1,2,1,1,,,,,,,,,,,,,
4,7/13/14,3,16,6,10:05,1.16,1.14,1.94,34.4,29.7,1164,,,1,2,1,2,1,1,10:10,0.99,1.08,2.57,28.7,1155,,,200,2.0,10:35,0.97,0.95,4.45,28.9,1164,,,15:55,7/13/14,5:50,0.57,0.61,,29.8,29.8,978,,,0,0,1,0.75,1,2,1,2,1,1,,,,,,,,,,,,,
5,7/14/14,3,7,1,8:15,3.90,4.10,2.37,23.7,25.9,888,7.66,679,1,1,1,1,1,1,8:45,4.40,4.30,1.94,25.7,853,7.77,678,80,1.0,9:00,3.80,3.80,2.25,26.4,852,7.77,701,15:45,7/14/14,7:30,0.98,1.01,2.03,33.5,33.0,864,7.63,619,0,0,1,0.60,1,1,1,1,1,1,,,,,,,,,,,,,
6,7/14/14,3,7,1,8:18,4.50,4.50,3.77,24.5,24.8,1782,7.46,731,1,2,1,2,1,1,8:50,4.10,4.00,4.64,25.3,1686,7.44,751,75,1.0,9:08,2.80,2.90,5.33,25.6,1773,7.41,756,16:00,7/14/14,7:42,2.70,2.70,4.15,28.1,28.5,1069,7.46,683,0,0,0,1.00,1,2,1,2,1,1,,,,,,,,,,,,,
7,7/14/14,6,6,J8/6,8:46,1.84,1.90,3.43,29.2,26.7,553,7.85,632,1,1,1,1,1,1,8:50,1.26,1.28,,26.7,554,7.85,596,95,1.0,10:05,1.66,1.68,1.90,27.5,556,7.79,645,15:05,7/14/14,6:19,1.42,1.42,1.60,30.5,28.2,555,7.69,633,0,0,0,0.90,1,1,1,1,1,1,,,,,,,,,,,,,
8,7/14/14,6,1,7,9:30,1.98,2.02,0.88,22.9,26.0,1137,7.48,714,1,2,1,2,1,1,9:35,1.16,1.12,7.10,26.2,1141,7.55,721,48,1.0,10:15,1.01,0.97,5.42,28.0,1239,7.55,681,15:40,7/14/14,6:10,0.89,0.91,5.77,29.6,29.8,1153,7.60,558,0,0,0,1.00,1,2,1,2,1,1,,,,,,,,,,,,,
9,7/14/14,6,6,J8/6,10:30,1.40,1.48,1.86,26.9,26.7,364,7.73,622,1,2,1,2,1,1,10:45,1.56,1.54,1.99,27.4,565,7.66,613,155,2.0,11:00,1.40,1.44,2.02,27.0,613,7.70,595,15:20,7/14/14,4:50,0.77,0.70,1.53,31.0,29.5,572,7.72,567,0,0,1,0.10,1,2,1,2,1,1,,,,,,,,,,,,,
10,7/14/14,6,6,J8/6,10:30,1.46,1.44,1.68,25.1,26.9,1139,7.38,750,1,1,0,1,1,1,10:45,1.90,1.90,2.46,26.6,1144,7.49,770,230,2.0,11:05,1.40,1.34,1.21,27.0,1148,6.33,727,15:10,7/14/14,4:40,0.84,0.92,3.02,31.8,29.9,1157,7.44,662,0,0,1,0.50,1,1,0,1,1,1,,,,,,,,,,,,,
11,7/15/14,6,2,J7/6,8:25,1.00,0.99,1.31,23.3,25.2,,7.71,605,1,1,1,1,1,1,8:45,1.04,1.06,3.08,26.5,,7.66,619,147,2.0,9:05,0.92,0.95,3.01,26.5,,7.63,635,15:10,7/15/14,6:45,0.11,0.13,2.72,31.5,37.5,1045,7.49,310,0,0,0,1.00,1,1,1,1,1,1,,,,,,,,,,,,,
12,7/15/14,6,2,J7/6,8:23,1.02,1.00,1.46,24.1,25.5,1029,6.24,651,1,2,1,2,1,1,9:01,0.72,0.75,3.38,26.1,1037,7.08,694,125,1.0,9:10,0.79,0.80,4.45,26.5,1041,7.10,720,15:15,7/15/14,6:52,0.74,0.72,1.94,27.8,29.0,1048,7.14,617,1,0,1,,1,2,1,1,1,1,,,,,,,,,,,,,
13,7/15/14,6,2,J7/6,9:20,1.54,1.54,1.43,24.8,26.1,,7.68,671,1,1,1,1,1,1,9:35,1.44,1.44,1.48,26.2,,7.68,680,215,3.0,9:50,,,2.75,27.8,,7.65,654,15:30,7/15/14,6:10,1.08,1.06,1.81,31.5,29.2,1030,7.76,556,0,0,0,1.00,1,1,1,1,1,1,,,,,,,,,,,,,
14,7/15/14,6,2,J7/6,9:23,1.28,1.22,1.67,24.6,26.7,1054,7.35,752,1,1,1,1,1,1,9:35,0.71,0.69,2.37,26.9,1039,7.56,758,119,1.0,9:45,0.74,0.73,2.12,27.3,1038,7.54,719,15:30,7/15/14,6:07,0.59,0.57,1.91,28.7,28.9,915,7.64,658,0,0,0,1.00,1,1,1,1,1,1,,,,,,,,,,,,,
15,7/15/14,6,2,J7/6,10:15,1.54,1.50,2.20,29.4,27.2,,7.56,648,1,1,1,1,1,1,10:30,1.32,1.34,1.93,27.3,,7.69,650,75,1.0,10:45,1.12,1.12,1.95,28.6,,7.66,671,16:05,7/15/14,5:50,0.10,0.17,1.64,28.3,32.8,994,7.57,329,0,0,0,1.00,1,1,1,1,1,1,,,,,,,,,,,,,
16,7/15/14,6,2,J7/6,10:09,0.96,0.97,0.98,28.1,27.0,1039,7.35,753,1,2,1,2,1,1,10:20,1.12,0.99,1.75,27.2,1042,7.35,725,179,3.0,10:40,0.79,0.74,2.57,26.5,1044,7.37,724,16:40,7/15/14,6:31,0.27,0.28,0.68,29.3,28.4,1043,7.49,704,0,0,0,1.00,1,2,1,2,1,1,,,,,,,,,,,,,
17,7/16/14,6,5,J7/5,8:10,0.86,0.86,1.80,21.8,25.0,955,7.52,616,1,3,0,1,,,8:25,0.90,0.90,0.13,26.5,962,7.59,667,70,1.0,8:40,0.94,0.95,1.31,26.6,954,7.64,695,15:05,7/16/14,6:55,0.75,0.76,1.68,36.8,30.9,967,7.64,617,0,0,0,1.00,1,3,0,1,,,,,,,,,,,,,,,
18,7/16/14,6,5,J7/5,8:10,0.93,0.90,1.07,20.7,25.8,931,7.75,588,1,2,1,2,1,1,8:29,1.08,1.10,1.58,26.5,931,7.68,589,200,3.0,8:35,0.94,0.96,2.45,26.6,918,7.67,585,15:00,7/16/14,6:50,0.46,0.48,1.48,32.4,29.0,933,7.58,511,0,0,0,1.00,1,2,1,2,1,1,,,,,,,,,,,,,
19,7/16/14,6,5,J7/5,8:55,1.04,0.98,0.86,22.3,26.4,957,7.48,667,1,2,1,1,1,1,9:10,0.64,0.66,1.42,26.9,954,7.44,659,225,3.0,9:25,0.89,0.87,2.25,26.4,958,7.43,683,15:25,7/16/14,6:30,0.70,0.73,1.04,29.0,27.5,779,7.46,607,0,0,0,1.00,1,2,1,1,1,1,,,,,,,,,,,,,
20,7/16/14,6,5,J7/5,9:00,0.87,0.92,2.05,26.7,26.7,921,7.69,621,1,1,1,1,1,1,9:20,0.65,0.66,1.39,26.6,922,8.87,619,200,2.0,9:42,0.75,0.83,9.50,27.1,925,7.88,495,15:25,7/16/14,6:25,0.60,0.56,2.14,29.3,29.2,842,7.60,546,0,0,0,1.00,1,1,1,1,1,1,,,,,,,,,,,,,
21,7/16/14,6,5,J7/5,9:30,0.94,0.98,1.73,26.6,26.3,715,7.45,766,1,2,1,2,1,1,10:00,0.91,0.92,1.43,26.9,713,7.30,767,55,1.0,10:15,0.88,0.87,1.53,26.6,718,7.46,742,16:00,7/16/14,6:30,0.71,0.73,1.67,31.0,28.1,724,7.40,632,0,0,0,1.00,1,2,1,2,1,1,,,,,,,,,,,,,
22,7/16/14,6,5,J7/5,10:00,1.06,1.01,7.75,25.1,26.5,692,7.66,548,1,2,1,2,1,1,10:15,0.75,0.77,1.95,26.2,696,7.67,644,45,0.5,10:30,0.83,0.80,2.06,25.9,695,7.66,620,15:43,7/16/14,5:43,0.78,0.79,2.04,28.4,29.1,698,7.58,605,0,0,0,1.00,1,2,1,2,1,1,,,,,,,,,,,,,
23,7/16/14,6,5,J7/5,10:35,0.99,1.02,2.03,26.2,26.2,709,7.38,638,1,1,1,1,1,1,10:45,0.83,0.85,1.45,26.5,503,7.26,769,240,3.0,10:55,0.92,0.91,1.48,26.2,719,7.33,745,15:40,7/16/14,5:05,0.77,0.78,1.76,29.4,29.0,720,7.19,677,0,0,0,1.00,1,1,1,1,1,1,,,,,,,,,,,,,
24,7/17/14,3,12,5,8:10,0.66,0.69,1.11,22.2,25.6,661,7.55,562,1,1,1,2,1,1,8:25,0.65,0.63,1.87,25.3,680,7.55,598,230,3.0,8:40,0.57,0.61,2.18,24.7,666,7.66,610,15:15,7/17/14,7:05,0.52,0.53,1.62,33.2,28.2,662,7.66,482,0,0,0,1.00,1,1,1,2,1,1,,,,,,,,,,,,,
25,7/17/14,3,12,5,8:11,0.79,0.78,1.62,21.3,25.2,680,7.28,586,1,2,1,1,1,1,8:30,0.47,0.47,3.10,25.2,682,7.41,632,260,3.0,8:45,0.43,0.36,1.62,25.8,686,7.34,635,15:30,7/17/14,7:19,0.44,0.50,2.30,32.3,30.1,607,7.38,595,0,0,0,1.00,1,2,1,1,1,1,,,,,,,,,,,,,
26,7/17/14,3,12,5,9:10,0.78,0.79,2.56,26.9,26.5,663,7.49,562,1,2,1,1,1,1,9:30,0.63,0.67,2.73,26.1,662,7.60,607,110,3.0,9:40,0.58,0.64,2.72,26.3,666,7.51,616,15:30,7/17/14,6:20,0.06,0.06,1.58,32.2,32.4,682,7.59,315,0,0,0,1.00,1,2,1,1,1,1,0,0,,,,,,,,,,,
27,7/17/14,3,12,5,9:15,0.71,0.74,0.02,22.9,25.6,680,7.28,673,1,2,1,2,1,1,9:30,0.56,0.57,1.92,26.1,686,7.25,642,222,2.0,9:40,0.63,0.61,3.20,27.0,688,7.25,642,15:35,7/17/14,6:20,0.27,0.32,3.38,39.2,29.3,703,7.33,488,0,0,0,1.00,1,2,1,2,1,1,,,,,,,,,,,,,
28,7/17/14,3,12,5,9:55,0.67,0.70,1.97,26.5,26.7,660,7.50,636,1,1,1,1,1,1,10:05,0.86,0.88,2.22,26.6,664,7.51,633,110,2.0,10:15,0.75,0.75,3.03,26.2,662,7.59,660,15:55,7/17/14,6:00,0.63,0.65,2.12,30.5,29.8,628,7.63,568,0,0,0,1.00,1,1,1,1,1,1,,,,,,,,,,,,,
29,7/17/14,3,12,5,10:10,0.71,0.76,1.40,25.3,25.9,690,7.30,679,1,2,1,1,1,1,10:20,0.73,0.74,4.58,26.5,687,7.87,673,156,2.0,10:35,0.65,0.66,1.47,27.5,680,7.47,617,15:55,7/17/14,5:45,0.32,0.41,2.06,30.6,29.6,690,7.28,522,0,0,0,1.00,1,2,1,1,1,1,,,,,,,,,,,,,
30,7/17/14,3,12,5,10:30,0.82,0.82,2.46,28.5,27.4,661,7.64,635,1,2,1,2,1,1,10:40,0.82,0.84,2.08,27.2,663,7.65,654,155,2.0,10:50,0.74,0.75,3.04,26.9,660,7.55,645,15:45,7/17/14,5:15,0.59,0.63,2.86,29.8,30.2,666,7.59,483,0,0,0,1.00,1,2,1,2,1,1,,,,,,,,,,,,,
31,7/20/14,3,8,4,7/20/14 9:45,1.24,1.28,3.07,28.9,26.6,454,7.60,578,1,2,1,2,1,1,7/20/14 10:05,1.28,1.30,2.01,26.2,461,7.68,597,220,3.0,7/20/14 10:15,1.08,1.08,2.58,27.0,460,7.64,622,,7/21/14,,,,,,,,,,,,,,,,,,,,,,,,,,,,,,,,
32,7/20/14,3,8,4,7/20/14 9:45,1.46,1.63,2.50,24.4,25.5,470,7.26,636,1,2,1,1,1,1,7/20/14 10:12,1.38,1.40,4.59,26.1,491,7.45,679,135,3.0,7/20/14 10:15,1.02,1.00,2.30,26.8,498,7.48,713,7/21/14 11:35,7/21/14,25:50:00,0.90,0.98,0.88,28.9,25.5,470,6.46,723,0,0,0,1.00,1,2,1,2,1,1,,,,,,,,,,,,,
33,7/20/14,3,8,4,7/20/14 10:30,1.32,1.34,2.08,,26.8,464,7.49,655,1,2,0,3,1,1,7/20/14 10:55,1.32,1.32,2.96,26.8,456,7.63,657,150,2.0,7/20/14 11:05,1.22,1.22,2.98,26.3,455,7.64,664,7/21/14 11:20,7/21/14,24:50:00,0.68,0.63,2.63,27.6,25.8,464,7.37,308,0,0,0,1.00,1,2,0,3,1,1,,,,,,,,,,,,,
34,7/20/14,3,8,4,7/20/14 10:30,1.28,1.26,,27.8,26.0,469,7.18,747,1,2,1,2,1,1,7/20/14 10:51,1.16,1.20,,26.0,472,7.00,749,128,2.0,7/20/14 11:04,1.20,1.18,,26.1,469,7.36,738,7/21/14 11:55,7/21/14,25:25:00,1.38,1.34,0.73,26.8,24.7,446,7.04,734,0,0,1,,1,2,1,2,1,1,,,,,,,,,,,,,
35,7/21/14,3,15,3,7/21/14 10:05,1.08,1.14,2.52,25.7,26.2,518,7.26,668,1,2,1,2,1,1,7/21/14 10:20,1.38,1.42,3.99,26.5,520,7.33,667,270,2.0,7/21/14 10:30,1.12,1.10,2.98,27.3,590,7.32,679,,7/22/14,,,,,,,,,,,,,,,,,,,,,,,,,,,,,,,,
36,7/21/14,3,15,3,7/21/14 9:45,0.97,1.12,1.88,26.5,27.1,514,7.83,584,1,4,1,1,1,1,7/21/14 10:05,1.04,1.12,1.30,27.1,526,7.88,587,140,2.0,7/21/14 10:15,1.04,0.90,1.54,26.1,536,7.93,655,7/22/14 12:05,7/22/14,26:20:00,0.73,0.80,1.61,28.2,24.7,527,6.85,610,0,0,0,1.00,1,4,1,1,1,1,,,,,,,,,,,,,
37,7/21/14,3,15,3,7/21/14 10:30,1.24,1.26,1.23,27.5,26.1,537,8.00,658,1,2,1,2,1,1,7/21/14 10:45,1.10,1.14,1.62,26.5,531,7.88,672,145,2.0,7/21/14 10:55,1.06,1.08,1.37,26.7,532,7.80,668,7/22/14 11:40,7/22/14,25:10:00,0.92,0.91,1.30,28.3,25.5,519,6.89,604,0,0,0,1.00,1,2,1,2,1,1,,,,,,,,,,,,,
38,7/21/14,3,15,3,7/21/14 10:30,1.08,1.12,2.11,28.1,26.7,520,7.32,736,1,2,1,2,1,1,7/21/14 10:45,1.42,1.20,4.83,26.8,527,7.52,711,148,1.0,7/21/14 10:55,1.14,1.06,2.25,27.1,528,7.19,752,,7/22/14,,,,,,,,,,,,,,,,,,,,,,,,,,,,,,,,
39,7/22/14,3,14,9,7/22/14 9:55,1.04,1.18,1.90,32.1,26.2,425,7.23,592,1,1,1,1,1,1,7/22/14 10:15,1.26,1.24,2.35,26.5,423,7.08,608,160,2.0,7/22/14 10:25,1.28,1.20,2.50,27.2,422,7.06,632,,7/23/14,,,,,,,,,,,,,,,,,,,,,,,,,,,,,,,,
40,7/22/14,3,14,9,7/22/14 10:45,1.22,1.26,1.56,29.7,27.0,413,7.16,637,1,2,1,2,1,1,7/22/14 10:55,1.20,1.20,1.23,27.2,424,7.27,633,255,3.0,7/22/14 11:10,0.91,0.99,1.80,27.7,423,7.19,643,7/23/14 11:40,7/23/14,24:55:00,0.02,0.07,1.04,30.5,27.1,428,6.68,301,0,0,0,1.00,1,2,1,2,1,1,,,,,,,,,,,,,
41,7/22/14,3,14,9,7/22/14 9:55,1.20,1.18,1.92,22.7,25.9,414,7.41,755,1,4,1,1,1,1,7/22/14 10:10,1.20,1.16,0.97,26.2,424,7.21,730,169,2.0,7/22/14 10:25,0.96,0.91,1.90,27.1,416,7.35,707,7/23/14 11:20,7/23/14,25:25:00,0.14,0.17,1.42,30.3,24.9,415,7.42,416,0,0,0,1.00,1,4,1,1,1,1,,,,,,,,,,,,,
42,7/22/14,3,14,9,7/22/14 10:45,1.06,1.10,2.10,26.9,26.7,415,7.29,766,1,4,0,2,1,1,7/22/14 10:55,1.12,1.10,2.11,26.5,415,7.32,759,260,3.0,7/22/14 11:10,1.06,1.01,2.05,27.7,421,7.35,681,7/23/14 11:45,7/23/14,25:00:00,0.74,0.75,1.34,28.6,26.8,418,7.61,709,0,0,0,1.00,1,4,0,2,1,1,,,,,,,,,,,,,
43,7/23/14,3,10,8,7/23/14 9:45,0.96,0.95,1.06,25.3,27.4,905,7.49,681,1,4,1,1,1,1,7/23/14 10:00,1.06,1.10,1.06,27.4,912,7.72,724,150,1.0,7/23/14 10:10,0.76,0.77,0.33,27.6,907,7.62,741,7/24/14 11:30,7/24/14,25:45:00,0.53,0.64,1.25,29.8,26.2,902,7.62,724,0,0,0,1.00,1,4,1,1,1,1,,,,,,,,,,,,,
44,7/23/14,3,10,8,7/23/14 9:45,1.01,1.10,1.38,26.5,27.4,695,7.38,566,1,4,1,1,1,1,7/23/14 10:00,0.99,0.95,1.42,28.5,602,7.43,640,45,1.0,7/23/14 10:15,0.75,0.78,1.57,27.4,921,7.42,628,7/24/14 11:10,7/24/14,25:25:00,0.31,0.32,2.40,24.8,26.8,923,7.25,551,0,0,1,0.50,1,4,1,1,1,1,,,,,,,,,,,,,
45,7/23/14,3,10,8,7/23/14 10:30,0.93,0.98,1.97,29.9,28.2,846,7.44,648,1,1,1,2,1,1,7/23/14 10:55,0.94,0.92,2.63,29.2,928,7.39,602,140,2.0,7/23/14 11:15,0.85,0.88,1.68,27.8,805,7.27,588,7/24/14 11:30,7/24/14,25:00:00,0.54,0.57,1.94,27.8,26.0,920,7.31,590,0,0,0,1.00,1,1,1,2,1,1,,,,,,,,,,,,,
46,7/23/14,3,10,8,7/23/14 10:30,0.90,0.93,1.31,28.9,27.8,902,7.52,742,1,2,1,2,1,1,7/23/14 10:45,0.83,0.86,1.62,28.5,908,7.52,752,80,0.5,7/23/14 11:00,0.55,0.58,1.20,29.1,910,7.56,748,7/24/14 11:50,7/24/14,25:20:00,0.85,0.77,1.61,26.7,25.7,909,7.80,741,0,0,0,1.00,1,2,1,2,1,1,,,,,,,,,,,,,
47,7/24/14,3,10,8,8:40,0.69,0.76,1.29,25.2,26.5,702,7.69,650,1,4,1,1,1,1,8:58,0.84,0.84,1.19,25.9,710,7.59,710,106,1.0,9:10,0.53,0.56,2.95,26.0,709,7.99,753,15:30,7/24/14,6:50,0.19,0.14,1.86,29.4,32.1,683,7.53,388,0,0,0,1.00,1,4,1,1,1,1,,,,,,,,,,,,,
48,7/24/14,3,10,8,8:40,0.74,0.78,1.40,25.8,26.7,633,7.09,554,1,1,1,1,1,1,8:55,0.72,0.74,1.80,27.2,721,7.30,579,140,2.0,9:10,0.72,0.75,2.71,26.6,720,7.16,602,15:10,7/24/14,6:30,0.79,0.81,2.65,34.5,30.1,729,7.07,538,0,0,0,1.00,1,1,1,1,1,1,,,,,,,,,,,,,
49,7/24/14,3,10,8,9:30,0.87,0.93,1.49,27.7,27.1,706,7.58,752,1,,1,1,1,1,9:58,1.12,1.20,0.94,27.3,715,7.60,716,80,0.5,10:15,0.63,0.73,1.92,27.9,717,7.53,766,15:20,7/24/14,5:50,0.76,0.81,1.30,35.0,31.8,716,7.60,611,0,0,0,1.00,1,,1,1,1,1,,,,,,,,,,,,,
50,7/24/14,3,10,8,9:30,1.22,1.26,2.14,26.5,27.0,586,7.14,622,1,1,1,1,1,1,9:50,1.06,1.14,3.37,27.4,722,7.25,608,55,1.0,10:00,0.76,0.83,2.58,26.9,710,7.18,636,15:45,7/24/14,6:15,0.74,0.81,0.92,30.2,31.4,723,7.25,581,0,0,0,1.00,1,1,1,1,1,1,,,,,,,,,,,,,
51,7/24/14,3,10,8,10:15,1.04,1.16,2.22,27.5,26.8,710,7.12,640,1,1,0,2,1,1,10:30,0.46,0.48,2.59,27.9,738,7.28,585,75,1.0,11:00,0.68,0.74,2.06,27.1,736,7.27,633,15:35,7/24/14,5:20,0.14,0.10,2.23,28.8,35.6,751,7.36,329,0,0,0,1.00,1,1,0,2,1,1,0,0,,,,,,,,,,,
52,7/24/14,3,10,8,10:40,0.87,0.94,1.78,28.6,27.6,706,7.64,707,1,4,1,1,1,1,10:50,0.85,0.92,1.09,28.6,707,7.55,712,150,2.0,11:03,0.68,0.75,1.57,28.7,714,7.68,679,15:49,7/24/14,5:09,0.32,0.31,1.80,31.3,30.9,710,7.65,677,0,0,0,1.00,1,4,1,1,1,1,,,,,,,,,,,,,
53,7/30/14,6,3,J8/7,8:35,0.74,0.73,3.47,24.6,26.8,1050,7.68,417,1,1,0,2,1,1,9:10,0.63,0.61,1.40,27.6,929,7.62,507,60,1.0,9:20,0.60,0.58,0.95,26.8,1023,7.67,532,15:15,7/30/14,6:40,0.10,0.13,1.78,35.2,36.6,1044,7.80,242,0,0,0,1.00,1,1,0,2,1,1,0,0,,,,,,,,,,,
54,7/30/14,6,3,J8/7,8:38,0.67,0.58,3.97,26.9,27.5,772,8.22,560,1,2,1,3,1,1,9:10,0.37,0.38,3.98,28.5,1050,8.10,558,100,1.0,9:30,0.28,0.37,4.36,26.8,1048,8.06,536,15:17,7/30/14,6:39,0.29,0.34,4.19,39.5,34.6,1016,7.89,477,0,0,0,1.00,1,2,1,3,1,1,,,,,,,,,,,,,
55,7/30/14,6,3,J8/7,9:35,1.02,1.06,1.82,24.5,27.3,809,7.37,507,1,1,0,2,1,1,9:45,1.02,1.04,3.89,27.4,711,7.69,569,155,2.0,10:05,0.55,0.57,1.52,27.2,740,7.81,598,15:40,7/30/14,6:05,0.08,0.08,3.26,35.2,36.6,792,7.84,280,0,0,0,1.00,1,1,0,2,1,1,0,0,,,,,,,,,,,
56,7/30/14,6,4,J8/6,9:50,0.90,1.16,4.29,28.2,27.1,747,8.02,630,1,1,0,2,1,1,10:10,0.75,0.75,3.43,28.6,783,7.64,515,100,1.0,10:27,0.87,0.91,3.82,27.4,755,7.99,608,15:36,7/30/14,5:46,0.78,0.77,3.19,31.1,30.5,756,7.79,581,0,0,0,1.00,1,1,0,2,1,1,,,,,,,,,,,,,
57,7/30/14,6,4,J8/6,10:12,1.02,1.08,5.56,25.5,26.2,755,7.62,578,1,1,1,2,1,1,10:35,1.14,1.16,5.12,27.8,914,7.59,582,190,3.0,10:45,0.92,0.94,5.31,27.9,805,7.70,525,,7/30/14,,,,,,,,,,,,,,,,,,,,,,,,,,,,,,,,
58,7/30/14,6,4,J8/6,10:30,0.89,0.98,6.19,30.3,28.4,748,7.96,633,1,2,1,1,1,1,11:00,0.58,0.71,4.20,28.3,782,7.68,590,220,2.0,11:15,0.57,0.67,3.82,29.3,744,7.92,566,15:57,7/30/14,5:27,0.44,0.45,3.09,30.2,30.0,720,7.87,554,0,0,0,1.00,1,2,1,1,1,1,,,,,,,,,,,,,
59,7/31/14,6,5,J7/5,8:05,1.04,1.10,0.92,23.8,26.7,937,7.91,562,1,1,1,1,1,1,8:20,0.98,0.94,2.88,26.1,945,7.40,576,135,2.5,8:35,0.86,0.84,2.14,26.1,929,7.54,587,15:55,7/31/14,7:50,0.82,0.82,2.16,31.1,29.8,928,7.92,611,0,0,0,1.00,1,1,1,2,1,1,,,,,,,,,,,,,
60,7/31/14,6,5,J7/5,8:50,1.18,1.24,1.91,23.7,26.2,945,7.79,622,1,4,1,2,1,1,9:05,1.14,1.10,2.64,26.9,938,7.66,644,55,1.0,9:20,1.02,1.00,2.45,27.1,932,7.62,612,15:05,7/31/14,6:15,1.10,1.18,1.66,35.6,28.8,928,7.76,622,0,0,1,0.10,1,4,1,2,1,1,,,,,,,,,,,,,
61,7/31/14,6,5,J7/5,9:35,1.10,1.16,2.19,28.0,27.1,895,7.86,598,1,4,1,1,1,1,9:55,1.28,1.32,2.32,27.8,967,7.61,641,55,1.0,10:10,1.02,1.04,1.44,27.3,930,7.72,628,15:45,7/31/14,6:10,0.92,0.92,1.85,31.2,31.8,942,7.88,618,0,0,1,0.70,1,4,1,1,1,1,,,,,,,,,,,,,
62,7/31/14,6,5,J7/5,10:25,1.26,1.30,2.03,27.2,27.0,925,7.82,669,1,1,1,2,1,1,10:35,1.34,1.30,1.77,27.7,936,7.84,635,95,2.0,10:45,0.78,0.84,1.82,27.1,938,7.83,614,15:20,7/31/14,4:55,0.54,0.52,2.11,30.8,31.5,757,7.70,609,0,0,1,0.90,1,1,1,2,1,1,,,,,,,,,,,,,
63,7/31/14,6,5,J7/5,8:10,0.99,0.46,2.23,22.5,26.2,938,7.81,617,1,1,1,1,1,1,8:41,1.20,1.16,1.76,27.5,938,7.99,601,100,1.0,8:59,0.98,0.99,1.70,26.6,944,7.91,630,16:01,7/31/14,7:51,0.14,0.16,1.68,31.0,35.1,951,7.68,320,0,0,1,0.50,1,1,1,1,1,1,,,,,,,,,,,,,
64,7/31/14,6,5,J7/5,9:57,0.76,0.79,1.76,25.2,26.5,933,7.25,686,1,4,1,1,1,1,10:05,0.78,0.79,1.46,26.6,937,7.57,679,200,2.0,10:20,0.88,0.91,1.25,27.4,936,7.58,645,15:15,7/31/14,5:18,0.74,0.75,1.27,29.2,30.1,940,7.50,593,0,0,1,0.50,1,4,1,1,1,1,,,,,,,,,,,,,
65,7/31/14,6,5,J7/5,9:05,0.98,1.10,1.65,25.4,27.2,935,6.94,659,1,2,1,2,1,1,9:25,0.65,0.82,1.95,26.2,938,7.87,645,150,1.0,9:42,1.14,1.12,2.03,26.0,947,7.77,635,15:15,7/31/14,6:10,0.74,0.77,2.09,37.5,29.9,935,7.64,540,0,0,1,0.10,1,2,1,2,1,1,,,,,,,,,,,,,
66,8/3/14,3,16,6,8:20,1.16,1.18,0.79,25.2,26.8,416,7.53,610,1,4,1,1,1,1,8:40,1.18,1.20,1.73,27.4,430,7.88,658,220,3.0,8:55,1.10,1.08,1.92,26.4,418,7.81,638,15:15,8/3/14,6:55,0.64,0.68,2.28,32.5,30.9,415,7.70,498,0,0,1,0.10,1,4,1,1,1,1,,,,,,,,,,,,,
67,8/3/14,3,16,6,8:20,1.14,1.10,2.06,25.5,26.8,406,7.30,662,1,1,1,1,1,1,8:38,1.26,1.24,0.69,26.9,421,7.30,724,105,1.0,8:55,0.78,0.78,0.84,26.6,405,7.37,707,15:15,8/3/14,6:55,0.84,0.91,1.33,34.6,28.5,390,7.49,,0,0,1,0.20,1,1,1,1,1,1,,,,,,,,,,,,,
68,8/3/14,3,16,6,9:10,1.28,1.34,1.92,26.2,27.6,417,7.68,660,1,2,1,1,1,1,9:25,1.28,1.22,1.95,27.6,419,7.77,668,110,2.0,9:40,1.08,1.08,1.30,27.5,419,7.83,682,15:30,8/3/14,6:20,0.89,0.88,2.97,31.8,27.9,410,7.82,538,0,0,0,1.00,1,2,1,2,1,1,,,,,,,,,,,,,
69,8/3/14,3,16,6,9:05,1.28,1.30,0.73,23.4,27.3,362,7.23,737,1,2,0,1,1,1,9:26,1.30,1.30,0.93,27.2,390,7.34,711,120,1.0,9:59,1.18,1.16,1.73,27.2,390,7.27,712,15:30,8/3/14,6:25,0.61,0.64,1.15,30.1,29.9,315,7.53,670,0,0,1,0.50,1,2,0,1,1,1,,,,,,,,,,,,,
70,8/3/14,3,16,6,10:05,1.32,1.34,1.18,27.8,28.3,391,7.30,712,1,4,1,1,1,1,10:25,1.10,1.12,1.12,27.7,397,7.44,747,300,3.0,10:45,1.10,1.10,1.18,27.5,395,7.50,745,,8/3/14,,,,,,,,,,,,,,,,,,,,,,,,,,,,,,,,
71,8/3/14,3,16,6,10:00,1.28,1.26,1.08,29.2,28.0,416,7.78,658,1,1,0,1,1,1,10:15,1.22,1.24,1.58,28.4,422,7.93,679,325,4.0,10:35,1.10,1.08,1.59,28.0,419,7.97,,15:55,8/3/14,5:55,0.11,0.17,2.00,,34.4,456,7.89,,0,0,1,0.30,1,1,0,1,1,1,0,0,,,,,,,,,,,
72,8/3/14,3,16,6,10:55,1.36,1.38,1.47,26.0,27.5,359,7.36,743,1,1,1,1,1,1,11:12,1.38,1.16,3.89,27.7,363,7.60,752,80,0.5,11:22,1.06,1.12,1.96,28.0,364,7.27,749,15:55,8/3/14,5:00,0.88,0.90,1.07,32.3,31.1,368,7.61,693,0,0,1,0.10,1,1,1,1,1,1,,,,,,,,,,,,,
73,8/3/14,3,16,6,10:55,1.32,1.34,1.89,28.4,27.8,390,7.81,611,1,1,1,1,1,1,11:05,1.22,1.26,1.86,28.2,396,7.98,628,120,2.0,11:15,1.01,0.97,2.56,28.0,401,7.74,634,15:40,8/3/14,4:45,1.14,1.06,1.87,29.7,29.9,389,7.95,,0,0,0,1.00,1,1,1,1,1,1,,,,,,,,,,,,,
74,8/4/14,3,4,4,8:10,0.82,0.87,0.60,23.0,25.5,933,7.61,627,1,1,1,1,1,1,8:25,0.82,0.84,2.73,25.6,939,7.78,709,76,1.0,8:40,0.94,0.95,2.33,26.0,878,7.72,723,15:45,8/4/14,7:35,0.25,0.22,1.47,28.6,35.3,886,7.47,422,0,0,0,1.00,1,1,1,1,1,1,0,0,,,,,,,,,,,
75,8/4/14,3,4,4,8:10,0.78,0.85,1.35,22.6,25.7,947,7.53,682,1,1,1,2,1,1,8:40,0.74,0.76,1.42,26.3,942,7.82,,110,2.0,8:55,0.68,0.71,1.18,26.0,944,7.80,,15:15,8/4/14,7:05,0.12,0.12,1.15,32.5,33.8,818,7.80,,0,0,0,1.00,1,1,1,2,1,1,0,0,,,,,,,,,,,
76,8/4/14,3,4,4,8:50,0.93,1.06,1.72,24.4,25.9,873,7.71,734,1,2,1,1,1,1,9:05,0.94,0.96,0.93,26.4,875,7.61,757,126,1.0,9:15,0.47,0.49,0.78,26.7,904,7.62,727,15:15,8/4/14,6:25,0.45,0.48,1.35,34.5,29.7,891,7.70,583,0,0,1,0.50,1,2,1,1,1,1,,,,,,,,,,,,,
77,8/4/14,3,4,4,9:15,0.89,0.93,1.19,24.8,26.1,904,7.85,,1,1,1,2,1,1,9:25,0.62,0.64,1.61,26.1,936,7.88,,135,3.0,9:40,0.54,0.59,1.31,25.8,940,7.94,,15:35,8/4/14,6:20,0.79,0.79,1.79,32.7,28.6,949,7.89,,0,0,0,1.00,1,1,1,2,1,1,,,,,,,,,,,,,
78,8/4/14,3,4,4,9:25,0.90,0.92,0.89,25.0,26.1,1051,7.57,,1,4,1,1,1,1,9:50,0.58,0.65,1.95,26.4,930,,,107,1.0,10:05,0.81,0.81,1.65,26.6,978,,,15:25,8/4/14,6:00,0.59,0.57,7.71,29.9,28.6,867,7.63,624,0,0,1,0.05,1,4,1,1,1,1,,,,,,,,,,,,,
79,8/4/14,3,4,4,10:00,0.84,0.88,2.28,25.2,26.4,918,7.85,,1,2,1,2,1,1,10:25,0.82,0.84,1.35,27.5,985,7.70,,135,3.0,10:25,0.64,0.66,1.43,26.8,916,7.82,,15:50,8/4/14,5:50,0.20,0.20,1.08,30.5,34.9,927,7.71,,0,0,1,0.70,1,2,1,2,1,1,,,,,,,,,,,,,
80,8/4/14,3,4,4,10:10,0.77,0.78,1.85,29.8,27.0,894,,512,1,4,1,1,1,1,10:20,0.78,0.77,1.93,26.6,946,7.31,625,85,1.0,10:40,0.57,0.59,1.63,27.1,908,7.47,605,,8/4/14,,,,,,,,,,,,,,,,,,,,,,,,,,,,,,,,
81,8/5/14,3,14,9,8:10,0.75,0.74,1.57,21.8,26.4,1001,7.53,381,1,4,1,1,1,1,8:30,0.74,0.69,1.37,275.0,996,7.95,542,55,1.0,8:50,0.54,0.50,1.35,27.7,1002,7.95,548,15:05,8/5/14,6:55,0.06,0.10,1.25,30.9,36.6,1103,7.60,510,0,0,0,1.00,1,4,1,1,1,1,0,0,,,,,,,,,,,
82,8/5/14,3,14,9,8:20,0.74,0.45,2.56,22.2,26.7,914,6.52,,1,1,1,1,1,1,8:40,0.88,0.85,0.26,27.4,923,7.80,,60,0.5,8:45,0.71,0.61,0.23,27.5,922,8.18,,15:05,8/5/14,6:45,0.09,0.11,1.43,35.4,35.8,945,7.62,,0,0,0,1.00,1,1,1,1,1,1,0,0,,,,,,,,,,,
83,8/5/14,3,14,9,9:00,0.50,0.58,0.48,24.3,26.6,921,7.66,,1,1,1,1,1,1,9:20,0.56,0.59,0.48,28.0,657,7.91,,85,1.5,9:40,0.37,0.51,1.68,28.1,654,7.34,,15:20,8/5/14,6:20,0.05,0.08,1.73,30.1,35.4,667,7.12,,0,0,1,0.50,1,1,1,2,1,1,0,0,,,,,,,,,,,
84,8/5/14,3,14,9,9:10,0.65,0.64,1.20,25.7,27.1,660,7.84,504,1,2,1,1,1,1,9:20,0.54,0.56,1.18,27.8,745,7.85,538,85,2.0,9:55,0.53,0.53,1.23,28.2,747,7.92,572,15:30,8/5/14,6:20,0.44,0.49,2.71,30.2,29.6,738,7.85,405,0,0,1,0.10,1,2,1,1,1,1,,,,,,,,,,,,,
85,8/5/14,3,14,9,10:10,0.65,0.88,2.94,28.0,27.5,793,7.71,,1,4,1,1,1,1,10:25,0.50,0.54,2.21,27.9,774,7.72,,150,2.0,10:30,0.41,0.49,2.21,28.8,862,7.67,,15:30,8/5/14,5:20,0.49,0.61,3.36,30.2,29.3,773,7.49,,0,0,1,0.50,1,4,1,1,1,1,,,,,,,,,,,,,
86,8/5/14,3,14,9,10:05,0.91,0.93,2.51,26.2,28.1,828,7.91,648,1,1,1,1,1,1,10:15,0.90,0.88,2.53,27.0,824,7.65,655,50,1.0,10:25,0.87,0.84,2.80,27.3,824,7.86,620,15:20,8/5/14,5:15,0.08,0.10,2.91,30.2,34.1,838,7.85,356,0,0,1,0.50,1,1,1,1,1,1,,,,,,,,,,,,,
87,8/6/14,3,6,7,8:10,0.69,0.88,3.32,24.8,26.1,1266,7.55,,1,2,1,2,1,1,8:22,0.78,0.75,0.63,26.3,1283,7.72,,125,1.0,8:45,0.67,0.64,1.42,26.8,1287,7.64,,14:28,8/6/14,6:18,0.14,0.39,1.45,37.6,29.8,1265,7.60,,0,0,1,0.50,1,2,1,2,1,1,1,1,,,,,,,,,,,
88,8/6/14,3,6,7,8:10,0.67,0.69,1.27,23.1,26.2,1365,7.53,547,1,1,0,1,1,1,8:20,0.54,0.53,1.45,25.9,1375,7.73,610,230,3.0,8:35,0.46,0.42,1.61,25.6,1384,7.64,622,14:35,8/6/14,6:25,0.36,0.36,2.05,34.3,29.7,1455,7.73,563,0,0,1,0.90,1,1,0,1,1,1,1,1,,,,,,,,,,,
89,8/6/14,3,6,7,9:00,0.63,0.64,6.35,25.0,26.5,1275,7.41,,1,2,1,1,1,1,9:05,0.75,0.71,0.98,26.1,1277,7.61,,125,1.0,9:15,0.69,0.83,1.24,26.5,1290,7.63,,14:54,8/6/14,5:54,0.33,0.32,2.31,28.9,30.1,1293,7.54,,0,0,1,0.50,1,2,1,1,1,1,1,1,,,,,,,,,,,
90,8/6/14,3,6,7,8:50,0.64,0.65,1.22,25.6,26.6,1376,7.78,662,1,1,1,1,1,1,9:05,0.49,0.50,1.47,26.6,1375,7.94,689,160,3.0,9:15,0.44,0.42,1.56,26.6,1372,7.72,664,15:15,8/6/14,6:25,0.22,0.23,1.82,28.7,30.0,1401,7.78,550,0,0,1,0.50,1,1,1,1,1,1,1,1,,,,,,,,,,,
91,8/6/14,3,6,7,9:39,0.51,0.59,1.41,26.7,27.2,1287,7.60,,1,2,1,1,1,1,9:50,0.43,0.47,1.02,27.3,1284,7.67,,125,1.0,10:00,0.78,0.74,2.19,27.4,1288,7.53,,15:10,8/6/14,5:31,0.40,0.43,1.57,30.7,29.3,1293,7.61,,0,0,0,1.00,1,2,1,1,1,1,1,1,,,,,,,,,,,
92,8/6/14,3,6,7,9:30,0.64,0.63,1.79,25.7,27.0,1369,7.56,603,1,2,1,2,1,1,9:45,0.44,0.41,1.72,27.1,1384,7.60,582,75,2.0,10:05,0.42,0.44,1.76,28.0,1382,7.69,510,14:50,8/6/14,5:20,0.05,0.06,2.02,33.4,36.7,1406,7.48,289,0,0,0,1.00,1,2,1,2,1,1,0,0,,,,,,,,,,,
93,8/6/14,3,6,7,10:20,0.64,0.66,1.46,26.0,27.2,1386,7.62,564,1,2,1,1,1,1,10:30,0.46,0.46,1.55,27.1,1373,7.64,662,120,2.0,10:45,0.44,0.42,1.53,27.2,1388,7.77,,15:05,8/6/14,4:45,0.25,0.27,1.94,31.4,29.7,1390,7.66,545,0,0,0,1.00,1,2,1,1,1,1,1,1,,,,,,,,,,,
94,8/6/14,3,6,7,8/6/14 15:39,1.04,1.12,2.87,32.3,27.9,764,7.34,,1,2,1,2,1,1,8/6/14 15:50,1.24,1.24,2.34,28.3,755,7.37,,150,1.5,8/6/14 15:57,1.20,1.20,2.63,29.0,778,7.43,,8/7/14 10:20,8/7/14,18:41,0.09,0.25,2.35,24.0,24.7,495,7.58,,0,0,0,1.00,1,2,1,2,1,1,1,1,,,,,,,,,,,
95,8/6/14,3,6,7,8/6/14 15:40,1.30,1.30,1.47,33.4,28.0,816,7.45,720,1,1,1,1,1,1,8/6/14 15:45,1.06,1.08,1.85,27.3,818,7.46,718,195,3.0,8/6/14 16:00,0.74,0.74,1.51,28.7,820,7.49,704,8/7/14 11:05,8/7/14,19:25,0.70,0.72,1.96,25.3,27.0,813,7.69,758,0,0,1,0.10,1,1,1,1,1,1,1,1,,,,,,,,,,,
96,8/6/14,3,6,7,8/6/14 16:12,1.28,1.26,3.70,32.2,27.9,759,7.44,,1,4,0,1,1,1,8/6/14 16:18,1.08,1.08,14.70,27.2,750,7.24,,130,1.0,8/6/14 16:29,1.14,1.10,2.60,28.2,758,7.31,,8/7/14 10:35,8/7/14,18:23,1.06,1.10,2.98,28.0,26.0,378,8.03,,0,0,1,0.50,1,4,0,1,1,1,1,1,,,,,,,,,,,
97,8/6/14,3,6,7,8/6/14 16:15,1.20,1.22,2.16,28.5,27.6,816,7.55,753,1,1,1,1,1,1,8/6/14 16:35,1.08,1.10,2.04,27.9,816,7.53,768,95,2.0,8/6/14 16:40,1.06,1.08,2.16,28.3,799,7.46,752,8/7/14 11:25,8/7/14,19:10,0.91,0.88,3.06,28.2,28.4,514,7.73,744,0,0,1,0.05,1,1,1,1,1,1,1,1,,,,,,,,,,,
98,8/7/14,3,5,10,8:15,0.65,0.65,2.73,25.5,26.5,1480,7.55,686,1,1,1,2,1,1,8:25,0.58,0.54,2.95,26.4,1474,7.85,663,125,2.0,8:35,0.50,0.52,2.88,26.6,1460,7.63,648,16:00,8/7/14,7:45,0.08,0.06,4.71,29.5,35.0,1509,7.68,306,0,0,1,0.50,1,1,1,2,1,1,0,0,,,,,,,,,,,
99,8/7/14,3,3,10,8:14,0.57,0.66,3.81,23.5,26.3,1375,7.67,,1,2,1,2,1,1,8:20,0.87,0.86,1.18,26.6,1366,7.67,,130,1.0,8:30,0.75,0.58,1.42,27.4,1380,7.60,,15:07,8/7/14,6:53,0.11,0.12,1.18,32.6,37.8,705,7.54,,0,0,1,0.50,1,2,1,2,1,1,0,0,,,,,,,,,,,
100,8/7/14,3,5,10,8:45,0.58,0.61,2.95,25.8,27.0,1480,7.62,696,1,4,1,1,1,1,9:00,0.56,0.60,1.45,26.1,1490,7.53,661,25,2.0,9:15,0.54,0.52,1.39,26.6,1503,7.72,680,15:10,8/7/14,6:25,0.17,0.17,1.84,32.7,31.6,1488,7.61,396,0,0,0,1.00,1,4,1,1,1,1,0,0,,,,,,,,,,,
101,8/7/14,3,3,10,8:45,0.55,0.50,2.41,24.8,26.2,1214,7.67,,1,,0,2,1,1,8:50,0.64,0.88,7.29,27.3,1382,7.70,,89,0.5,9:00,0.49,0.54,1.24,27.2,1388,7.70,,15:45,8/7/14,7:00,0.79,0.78,1.79,31.6,31.7,702,7.70,,0,0,1,0.90,1,,0,2,1,1,1,1,,,,,,,,,,,
102,8/7/14,3,3,10,9:14,0.67,0.72,4.28,27.9,27.1,1397,7.64,,1,2,1,2,1,1,9:17,0.84,0.79,1.90,27.1,1385,7.61,,144,1.5,9:25,0.27,0.29,1.77,27.5,1389,7.59,,15:20,8/7/14,6:06,0.58,0.59,1.91,34.9,31.2,601,7.64,,0,0,0,1.00,1,2,1,2,1,1,1,1,,,,,,,,,,,
103,8/7/14,3,5,10,9:25,0.62,0.64,1.90,25.8,27.0,1504,7.68,676,1,1,1,2,1,1,9:35,0.56,0.56,2.68,26.8,1490,7.63,648,120,2.0,9:45,0.38,0.42,2.90,26.7,1480,7.75,604,15:45,8/7/14,6:20,0.05,0.09,3.46,31.1,36.5,1466,7.58,368,0,0,1,0.40,1,1,1,2,1,1,0,0,,,,,,,,,,,
104,8/7/14,3,3,10,9:40,0.64,0.64,1.39,24.5,27.0,1398,7.60,,1,2,1,2,1,1,9:50,0.86,0.86,1.69,27.8,1398,7.68,,160,2.0,10:00,0.61,0.60,1.53,27.6,699,7.71,,15:34,8/7/14,5:54,0.26,0.31,10.10,31.2,30.3,702,7.69,,0,0,0,1.00,1,2,1,1,1,1,1,1,,,,,,,,,,,
105,8/7/14,3,5,10,10:05,0.68,0.69,1.50,31.6,28.1,1486,7.77,716,1,1,1,1,1,1,10:15,0.66,0.68,1.42,27.3,1485,7.80,730,80,2.0,10:25,0.51,0.53,1.73,27.6,1478,7.73,718,15:25,8/7/14,5:20,0.33,0.33,1.89,29.5,30.5,1502,7.69,603,0,0,1,0.80,1,1,1,1,1,1,1,1,,,,,,,,,,,
106,8/10/14,6,7,J7/6,8:10,1.28,1.28,8.74,24.9,26.9,,7.69,,1,2,1,1,1,1,8:29,0.94,0.92,1.86,25.7,,7.33,,200,2.0,8:45,0.94,0.97,7.73,26.8,,7.49,,14:30,8/10/14,6:20,0.47,0.55,2.10,34.2,28.0,860,7.61,,0,0,0,1.00,1,2,1,1,1,1,1,1,,,,,,,,,,,
107,8/10/14,6,7,J7/6,8:10,0.75,0.78,2.96,21.2,26.8,955,7.77,625,1,1,1,1,1,1,8:20,0.69,0.76,2.39,26.6,944,7.80,706,125,2.0,8:50,0.54,0.54,2.98,26.4,940,7.84,696,14:40,8/10/14,6:30,0.42,0.44,1.92,32.1,29.3,830,7.86,588,0,0,0,1.00,1,1,1,1,1,1,1,1,,,,,,,,,,,
108,8/10/14,6,7,J7/6,9:00,1.32,1.36,1.62,24.7,26.7,,7.61,,1,2,1,2,1,1,9:10,1.48,1.48,1.23,26.9,,7.51,,138,1.0,9:20,0.74,0.85,1.05,27.3,,7.63,,14:55,8/10/14,5:55,0.77,0.80,1.20,29.6,28.9,888,7.66,,0,0,0,1.00,1,2,1,2,1,1,1,1,,,,,,,,,,,
109,8/10/14,6,7,J7/6,9:10,1.34,1.28,2.67,24.0,26.2,942,7.97,728,1,1,1,1,1,1,9:30,1.22,1.24,2.24,26.8,942,7.93,724,150,3.0,9:45,1.12,1.14,1.98,26.1,948,7.83,716,14:55,8/10/14,5:45,0.22,0.23,1.59,31.2,34.3,963,7.77,481,0,0,1,0.75,1,1,1,1,1,1,0,0,,,,,,,,,,,
110,8/10/14,6,7,J7/6,9:55,1.14,1.16,1.97,24.8,26.0,941,7.92,712,1,2,1,1,1,1,10:15,0.98,1.01,2.49,26.9,948,7.96,722,50,1.0,10:35,0.97,1.01,2.29,26.7,946,7.90,738,15:05,8/10/14,5:10,0.04,0.07,2.07,31.4,37.7,934,7.75,338,0,0,1,0.80,1,2,0,1,1,1,0,0,,,,,,,,,,,
111,8/10/14,6,7,J7/6,9:30,1.18,1.20,1.63,26.0,26.3,433,7.72,,1,4,0,2,1,1,9:45,0.70,0.66,1.66,26.8,883,7.59,,87,0.5,9:55,1.22,1.14,1.70,27.1,884,7.71,,15:05,8/10/14,5:35,0.99,1.01,1.74,29.2,28.0,886,7.82,,0,0,1,0.10,1,4,0,2,1,1,1,1,,,,,,,,,,,
112,8/10/14,6,7,J7/6,10:45,1.28,1.22,2.12,24.8,26.5,946,7.93,746,1,2,1,1,1,1,10:55,1.22,1.28,2.00,27.2,967,7.97,748,115,2.0,11:05,0.96,1.01,2.11,27.2,947,7.97,722,15:15,8/10/14,4:30,0.80,0.77,1.35,322.1,28.2,818,7.82,694,0,0,0,1.00,1,2,1,1,1,1,1,1,,,,,,,,,,,
113,8/10/14,6,7,J7/6,10:05,1.01,1.06,2.65,24.4,26.7,885,7.80,,1,2,1,1,1,1,10:15,1.44,1.42,1.24,26.6,883,7.30,,116,1.0,10:30,1.02,1.06,2.91,27.5,880,7.34,,15:15,8/10/14,5:10,0.68,0.82,0.91,28.4,29.6,884,7.22,,0,0,1,0.80,1,2,1,1,1,1,0,0,,,,,,,,,,,
114,8/10/14,6,7,J7/6,8/10/14 15:30,0.73,0.80,2.54,30.1,27.9,1258,7.70,,1,2,1,2,1,1,8/10/14 15:35,0.95,0.88,22.40,28.2,1346,7.58,,118,1.0,8/10/14 16:00,0.71,0.71,2.53,29.7,1360,7.65,,8/11/14 10:20,8/11/14,18:50,0.24,0.32,2.61,24.4,26.8,1339,7.87,,0,0,1,0.10,1,2,1,2,1,1,1,1,,,,,,,,,,,
115,8/10/14,6,7,J7/6,8/10/14 15:25,1.12,1.04,2.24,31.2,27.6,1282,7.98,718,1,1,1,1,1,1,8/10/14 15:40,0.94,0.96,1.56,28.9,1479,7.94,720,65,1.0,8/10/14 15:55,0.86,0.88,1.86,28.7,1490,7.88,715,8/11/14 10:45,8/11/14,19:20,0.52,0.52,2.67,27.8,28.6,1458,7.91,708,0,0,1,0.10,1,1,1,1,1,1,1,1,,,,,,,,,,,
116,8/10/14,6,7,J7/6,8/10/14 15:50,0.88,0.86,2.15,32.1,28.1,1475,7.98,768,1,1,1,1,1,1,8/10/14 16:00,0.80,0.78,1.78,28.2,1466,7.99,744,70,1.0,8/10/14 16:10,0.68,,1.72,28.4,1460,7.97,736,8/11/14 10:55,8/11/14,19:05,0.15,0.14,2.36,27.8,25.5,1480,7.98,710,0,0,1,0.25,1,1,1,1,1,1,1,1,,,,,,,,,,,
117,8/10/14,6,7,J7/6,8/10/14 15:50,1.23,1.28,1.81,28.2,28.0,1359,7.64,,1,2,1,1,1,1,8/10/14 16:00,1.18,1.24,1.76,28.9,1351,7.16,,119,1.0,8/10/14 16:10,1.02,0.97,1.46,29.0,1353,7.20,,8/11/14 10:30,8/11/14,18:40,0.16,0.29,1.14,22.3,26.0,1343,7.45,,0,0,1,0.50,1,2,1,1,1,1,1,1,,,,,,,,,,,
118,8/11/14,6,7,J7/4,8:10,0.85,0.88,2.02,23.5,26.1,1598,7.84,593,1,1,0,1,1,1,8:25,0.84,0.86,1.42,26.1,1567,7.88,595,75,2.0,8:40,0.73,0.77,1.44,25.7,1561,7.80,592,14:40,8/11/14,6:30,0.05,0.06,1.63,29.5,36.4,1581,7.96,276,0,0,1,0.40,1,1,0,1,1,1,0,0,,,,,,,,,,,
119,8/11/14,6,7,J7/4,8:10,0.90,0.89,,24.4,26.6,1502,7.72,,1,2,1,2,1,1,8:18,0.96,0.93,0.88,26.1,1450,7.69,,122,0.5,8:25,0.98,0.94,1.59,26.1,1463,7.71,,15:25,8/11/14,7:15,0.10,0.08,1.98,30.7,38.4,1534,7.50,,0,0,1,0.50,1,2,1,2,1,1,0,0,,,,,,,,,,,
120,8/11/14,6,7,J7/4,8:40,0.85,0.82,1.64,24.7,25.2,1438,7.72,,1,4,1,1,1,1,8:45,0.87,0.89,1.89,25.9,1438,7.72,,100,1.0,8:56,0.92,1.08,0.74,26.6,1443,7.73,,15:10,8/11/14,6:30,0.76,0.77,2.19,30.3,30.3,1528,7.78,,0,0,1,0.50,1,4,1,1,1,1,1,1,,,,,,,,,,,
121,8/11/14,6,7,J7/4,8:55,0.99,1.03,1.76,23.3,26.1,1547,7.77,686,1,1,1,1,1,1,9:05,0.85,0.87,1.93,27.0,1540,7.79,654,55,1.0,9:15,0.79,0.87,1.89,26.3,1548,7.81,725,14:55,8/11/14,6:00,0.69,0.68,2.36,32.6,30.6,1520,7.86,628,0,0,1,0.80,1,1,1,1,1,1,1,1,,,,,,,,,,,
122,8/11/14,6,7,J7/4,9:23,0.98,0.99,2.81,24.2,26.6,1453,7.76,741,1,1,1,2,1,1,9:40,0.94,0.95,2.10,27.0,1415,7.79,740,190,2.0,9:50,0.92,0.93,1.82,26.9,1414,7.81,746,15:30,8/11/14,6:07,0.44,0.45,2.06,35.0,31.9,1202,7.83,525,0,0,0,1.00,1,1,1,2,1,1,0,0,,,,,,,,,,,
123,8/11/14,6,7,J7/4,9:05,0.75,0.73,2.26,24.3,26.5,1413,7.73,,1,1,1,1,1,1,9:12,0.63,0.63,1.89,26.0,1438,7.72,,55,0.5,9:25,0.70,0.82,1.35,26.0,1441,7.72,,15:40,8/11/14,6:35,0.37,0.43,1.95,28.7,30.3,762,7.71,,0,0,1,0.95,1,1,1,1,1,1,1,1,,,,,,,,,,,
124,8/11/14,6,7,J7/4,10:05,0.98,1.00,0.76,26.4,27.0,1242,7.81,743,1,1,0,2,1,1,10:25,0.95,0.95,2.66,27.9,1244,7.83,745,50,1.0,10:30,0.93,0.92,1.90,27.3,1243,7.83,748,15:15,8/11/14,5:10,0.07,0.06,2.20,32.5,38.5,1260,7.84,302,0,0,1,0.50,1,1,0,2,1,1,0,0,,,,,,,,,,,
125,8/11/14,6,7,J7/4,9:35,1.12,0.84,1.82,24.2,26.7,1439,7.57,,1,1,1,2,1,1,9:46,0.87,0.80,1.54,26.6,1299,7.63,,288,2.5,10:00,1.08,1.01,2.21,26.7,1362,7.77,,15:00,8/11/14,5:25,0.17,0.20,1.71,29.0,35.5,1369,7.67,,0,0,0,1.00,1,1,1,2,1,1,0,0,,,,,,,,,,,
126,8/11/14,6,8,J7/4,8/11/14 15:37,1.14,1.12,1.58,33.7,28.8,1322,7.69,,1,4,1,1,1,1,8/11/14 15:40,0.87,0.82,0.79,28.0,1300,7.74,,70,0.5,8/11/14 16:00,1.18,1.14,1.25,28.3,1328,7.85,,8/12/14 10:35,8/12/14,18:58,1.26,0.91,1.44,29.1,25.3,1237,7.78,,0,1,1,0.80,1,4,1,1,1,1,1,1,,,,,,,,,,,
127,8/11/14,6,8,J7/4,8/11/14 15:45,0.98,1.01,3.26,34.1,28.9,1318,7.87,649,1,1,1,1,1,1,8/11/14 15:50,0.88,0.90,3.58,28.3,1312,7.98,703,55,1.0,8/11/14 16:00,0.80,0.80,2.36,28.3,1303,7.96,664,8/12/14 10:30,8/12/14,18:45,0.17,0.13,1.59,28.3,27.7,1198,7.98,385,0,0,0,1.00,1,1,0,1,1,1,1,1,,,,,,,,,,,
128,8/11/14,6,8,J7/4,8/11/14 16:05,0.98,1.06,1.69,31.8,27.8,1319,7.74,,1,2,1,2,1,1,8/11/14 16:10,1.36,1.38,7.87,28.1,1294,7.78,,90,1.0,8/11/14 16:15,1.06,0.99,1.13,28.9,1309,7.77,,8/12/14 10:20,8/12/14,18:15,0.09,0.06,1.13,28.8,31.7,1313,7.77,,0,0,1,0.50,1,2,1,2,1,1,0,0,,,,,,,,,,,
129,8/11/14,6,8,J7/4,8/11/14 16:10,0.96,0.98,1.74,31.8,27.7,1322,7.75,706,1,2,1,2,1,1,8/11/14 16:15,0.90,0.90,1.61,28.1,1330,7.75,720,50,1.0,8/11/14 16:20,0.80,0.78,1.86,28.9,1318,7.86,668,8/12/14 10:40,8/12/14,18:30,0.61,0.63,2.20,28.3,26.2,1305,7.90,686,0,0,1,0.75,1,2,1,2,1,1,1,1,,,,,,,,,,,
130,8/12/14,6,5,J7/5,8:10,0.97,0.85,2.11,23.1,26.2,1203,7.70,,1,2,1,1,1,1,8:20,0.61,0.59,1.58,26.5,1199,7.64,,250,2.0,8:30,0.84,0.79,1.45,26.8,1215,7.72,,15:00,8/12/14,6:50,0.82,0.72,0.45,38.5,28.4,1220,7.74,,0,0,0,1.00,1,2,1,1,1,1,1,1,,,,,,,,,,,
131,8/12/14,6,5,J7/5,8:05,0.82,0.84,1.76,25.5,27.2,1147,7.85,585,1,2,1,1,1,1,8:25,0.73,0.75,1.57,27.4,1186,7.74,668,80,2.0,8:35,0.73,0.74,1.73,27.2,1188,7.83,658,15:00,8/12/14,6:55,0.08,0.06,1.68,35.4,37.1,1210,7.65,233,0,0,1,0.70,1,2,1,1,1,1,0,0,,,,,,,,,,,
132,8/12/14,6,5,J7/5,8:45,0.84,0.89,1.74,24.8,27.0,1212,7.74,658,1,4,1,1,1,1,8:55,0.98,0.93,1.47,27.4,1440,7.81,695,50,1.0,9:05,0.80,0.80,1.56,26.9,1220,7.88,694,14:35,8/12/14,5:50,0.05,0.06,1.60,40.1,39.1,788,7.75,233,0,0,0,1.00,1,4,1,1,1,1,0,0,,,,,,,,,,,
133,8/12/14,6,5,J7/5,8:45,1.12,1.01,2.08,24.8,26.8,1203,7.75,,1,2,1,1,1,1,8:50,0.88,0.87,1.10,26.6,1201,7.71,,100,0.5,9:00,0.70,0.66,2.44,26.8,1204,7.73,,15:15,8/12/14,6:30,0.35,0.10,0.57,32.1,37.0,1220,7.67,,0,0,1,0.90,1,2,1,1,1,1,0,0,,,,,,,,,,,
134,8/12/14,6,5,J7/5,9:20,0.83,0.87,2.05,26.2,26.9,1063,7.87,694,1,1,1,1,1,1,9:35,1.02,1.06,1.34,27.2,1076,7.81,708,100,2.0,9:45,0.82,0.78,1.54,26.8,1073,7.77,698,15:25,8/12/14,6:05,0.61,0.63,2.12,35.1,29.2,1102,7.73,587,0,0,0,1.00,1,1,,1,1,1,1,1,,,,,,,,,,,
135,8/12/14,6,5,J7/5,9:15,0.94,0.85,1.99,26.6,26.7,1204,7.80,,1,2,1,2,1,1,9:35,1.36,1.12,1.74,27.6,1046,7.71,,150,1.0,9:55,0.57,0.55,2.00,28.5,1050,7.80,,15:30,8/12/14,6:15,0.08,0.05,1.87,34.0,33.5,1057,7.78,,0,0,1,0.10,1,2,1,2,1,1,0,0,,,,,,,,,,,
136,8/12/14,6,5,J7/5,10:00,0.94,1.06,2.58,25.8,27.2,1088,7.76,704,1,2,1,1,1,1,10:10,0.84,0.84,2.09,27.6,1094,7.82,736,100,2.0,10:20,0.72,0.76,2.23,27.6,1096,7.84,704,15:15,8/12/14,5:15,0.38,0.37,2.59,35.7,35.2,989,7.76,441,0,0,0,1.00,1,2,1,1,1,1,1,1,,,,,,,,,,,
137,8/12/14,6,5,J7/5,8/12/14 15:40,1.10,1.12,2.33,33.8,28.4,1147,7.70,676,1,1,1,1,1,1,8/12/14 16:10,0.79,0.80,1.99,3.0,1157,7.82,638,95,2.0,8/12/14 16:20,0.75,0.75,2.32,29.6,1156,7.73,678,8/13/14 10:30,8/13/14,18:50,0.42,0.47,1.51,29.8,27.2,1146,7.75,701,0,0,0,1.00,1,1,1,1,1,1,1,1,,,,,,,,,,,
138,8/12/14,6,5,J7/5,8/12/14 15:40,0.87,0.90,2.03,32.8,29.5,1124,7.66,,1,1,0,2,1,1,8/12/14 16:00,1.01,0.95,0.99,28.2,1132,7.64,,79,0.5,8/12/14 16:10,0.87,0.86,1.72,28.5,1139,7.67,,8/13/14 11:07,8/13/14,19:27,0.14,0.41,1.90,26.1,28.9,1134,7.88,,0,0,1,0.10,1,1,0,2,1,1,1,1,,,,,,,,,,,
139,8/13/14,6,2,J7/6,8:00,0.91,0.85,2.23,26.2,26.8,1114,7.73,,1,2,1,2,1,1,8:10,0.62,0.56,1.61,26.3,1125,7.60,,70,0.5,8:16,0.77,0.83,1.16,25.7,1126,7.65,,14:44,8/13/14,6:44,0.20,0.71,2.12,41.6,43.9,1145,7.49,,0,1,1,0.30,1,2,1,2,1,1,0,0,,,,,,,,,,,
140,8/13/14,6,2,J7/6,8:05,0.84,0.87,3.30,27.2,26.2,1084,7.79,548,1,1,1,1,1,1,8:20,0.79,0.83,1.50,26.9,1142,7.78,638,50,1.0,8:30,0.75,0.77,1.44,26.7,1141,7.81,687,15:00,8/13/14,6:55,0.08,0.06,1.77,37.4,39.8,1164,7.60,293,0,0,0,1.00,1,1,1,1,1,1,0,0,,,,,,,,,,,
141,8/13/14,6,2,J7/6,8:30,0.98,0.91,2.20,23.4,26.3,1123,7.80,,1,,0,1,1,1,8:40,0.94,0.91,0.55,26.8,1120,7.72,,97,0.5,9:59,0.99,0.86,1.61,27.0,1132,7.73,,,8/13/14,,,,,,,,,,,,,,,,,,,,,,,,,,,,,,,,
142,8/13/14,6,2,J7/6,8:40,0.91,0.92,1.46,27.8,26.9,1139,7.81,704,1,1,1,1,1,1,8:50,0.88,0.88,1.34,26.2,1142,7.89,708,190,3.0,9:00,0.76,0.78,1.63,26.8,1139,7.84,718,14:50,8/13/14,6:10,0.10,0.08,2.09,37.6,38.0,1151,7.75,358,0,0,1,0.60,1,1,1,1,1,1,0,0,,,,,,,,,,,
143,8/13/14,6,2,J7/6,9:10,0.90,0.92,1.74,26.9,26.6,1114,7.83,720,1,1,1,1,1,1,9:25,0.78,0.79,1.39,27.1,1138,7.88,712,65,2.0,9:35,0.72,0.74,1.43,27.3,1140,7.88,696,15:10,8/13/14,6:00,0.02,0.06,1.56,37.2,40.5,1042,7.69,273,0,0,1,0.20,1,1,1,1,1,1,0,0,,,,,,,,,,,
144,8/13/14,6,2,J7/6,9:10,0.82,0.89,1.32,27.3,26.9,1116,7.66,,1,,1,1,1,1,9:40,0.93,0.94,1.61,27.6,1111,7.69,,75,0.5,,0.45,0.56,1.75,28.2,1106,7.78,,15:05,8/13/14,5:55,0.31,0.32,1.77,38.3,35.0,1114,7.67,,0,0,1,0.80,1,,1,1,1,1,0,0,,,,,,,,,,,
145,8/13/14,6,2,J7/6,9:45,0.85,0.91,1.91,29.2,26.8,1120,7.86,708,1,1,1,1,1,1,10:10,0.82,0.84,2.12,27.8,1090,7.76,714,125,2.0,10:20,0.72,0.70,1.34,27.7,1095,7.78,698,14:40,8/13/14,4:55,0.54,0.52,1.56,39.4,32.5,1086,7.74,610,0,0,1,0.80,1,1,1,1,1,1,1,1,,,,,,,,,,,
146,8/13/14,6,2,J7/6,10:33,1.14,1.10,3.17,30.6,27.4,1063,7.69,,1,,1,3,1,1,10:43,1.14,1.14,1.71,27.2,1065,7.62,,170,1.0,11:00,1.14,1.18,2.30,28.9,1080,7.74,,15:20,8/13/14,4:47,0.97,0.92,1.42,35.2,31.6,1062,7.70,,0,0,0,1.00,1,,1,3,1,1,1,1,,,,,,,,,,,
147,8/14/14,3,9,11,8:10,0.89,0.89,2.34,27.5,26.4,768,7.51,660,1,1,1,3,1,1,8:20,0.87,0.79,2.42,26.8,766,7.45,714,40,1.0,8:20,0.82,0.84,1.95,26.9,767,7.52,716,14:50,8/14/14,6:40,0.41,0.46,2.85,36.5,33.4,736,7.50,463,0,0,1,0.40,1,1,1,3,1,1,0,1,,,,,,,,,,,
148,8/14/14,3,9,11,8:20,0.85,0.86,1.88,27.4,27.4,746,7.44,,1,2,1,1,1,1,8:25,0.93,0.95,1.84,27.4,753,7.37,,150,1.0,8:35,0.75,0.78,1.58,26.6,827,7.43,,14:45,8/14/14,6:25,0.73,0.75,7.68,34.2,32.1,785,7.54,,0,0,1,0.80,1,2,1,1,1,1,1,1,,,,,,,,,,,
149,8/14/14,3,9,11,8:35,1.20,1.04,3.14,26.8,27.3,606,7.62,732,1,1,1,2,1,1,8:45,0.98,0.98,3.26,27.3,626,7.63,724,50,1.0,8:55,0.90,0.88,3.79,27.4,642,7.60,722,15:00,8/14/14,6:25,0.20,0.23,3.60,35.8,39.6,1204,7.58,411,0,0,1,0.50,1,1,1,2,1,1,0,0,,,,,,,,,,,
150,8/14/14,3,9,11,8:50,0.68,0.66,1.94,25.4,27.2,1145,7.55,,1,2,1,2,1,1,8:55,0.90,0.89,2.30,27.2,1138,7.55,,105,1.0,9:05,0.89,0.83,1.22,27.7,1177,7.65,,14:30,8/14/14,5:40,0.65,0.67,2.02,43.3,35.0,1157,7.68,,0,0,1,0.50,1,2,1,2,1,1,1,1,,,,,,,,,,,
151,8/14/14,3,9,11,9:00,0.98,0.99,2.60,26.6,26.4,1053,7.63,710,1,1,1,2,1,1,9:10,0.92,0.94,2.07,27.5,1164,7.72,714,55,1.0,9:20,0.78,0.76,2.22,27.5,1174,7.76,708,15:05,8/14/14,6:05,0.21,0.18,2.80,35.7,39.7,1213,7.73,388,0,0,1,0.50,1,1,1,2,1,1,0,0,,,,,,,,,,,
152,8/14/14,3,9,11,9:20,1.01,0.92,2.32,27.6,27.6,1161,7.68,,1,4,0,1,1,1,9:30,0.87,0.97,1.37,27.4,1145,7.53,,90,0.5,9:40,0.99,0.92,2.02,28.3,1172,7.62,,15:15,8/14/14,5:55,0.08,0.08,3.93,31.6,38.2,1177,7.71,,0,0,1,0.10,1,4,1,1,1,1,0,0,,,,,,,,,,,
153,8/14/14,3,9,11,9:30,0.94,0.96,1.98,29.8,27.2,1193,7.77,714,1,2,1,1,1,1,9:40,0.88,0.90,2.00,27.3,1182,7.73,,225,3.0,9:50,0.74,0.76,1.98,27.4,1193,7.58,,14:40,8/14/14,5:10,0.06,0.08,1.93,36.4,42.6,1186,7.84,283,0,0,0,1.00,1,2,1,1,1,1,0,0,,,,,,,,,,,
154,8/14/14,3,9,11,9:50,0.45,0.46,2.94,27.5,27.4,1143,7.70,,1,2,1,1,1,1,9:55,0.87,0.84,2.81,27.9,1143,7.53,,108,2.0,10:00,0.81,0.79,1.23,28.6,1149,7.57,,15:00,8/14/14,5:10,0.18,0.23,2.04,34.5,35.6,1166,7.55,,0,0,0,1.00,1,2,1,1,1,1,0,0,,,,,,,,,,,
155,8/14/14,3,9,11,10:15,0.58,0.68,1.50,28.6,28.4,1175,7.72,,1,2,1,2,1,1,10:25,0.94,0.91,1.79,28.6,1149,7.53,,100,1.0,10:35,0.90,0.80,2.29,29.3,1189,7.59,,15:10,8/14/14,4:55,0.32,0.29,1.60,32.9,35.6,1177,7.55,,0,0,0,1.00,1,2,1,2,1,1,0,0,,,,,,,,,,,
156,8/14/14,3,9,11,10:10,0.77,0.81,2.08,33.4,28.1,1161,7.08,,1,4,1,2,1,1,10:25,0.73,0.76,1.98,28.5,1165,7.86,705,110,2.0,10:35,0.68,0.72,1.88,28.8,1175,7.82,698,14:30,8/14/14,4:20,0.28,,2.16,37.5,36.0,1230,7.74,355,0,0,1,0.70,1,4,1,1,1,1,0,0,,,,,,,,,,,
157,8/17/14,3,11,2,9:10,0.54,0.54,1.56,27.6,26.9,1026,7.72,496,1,2,1,2,1,1,9:20,0.49,0.54,1.09,27.0,1828,7.84,607,135,2.0,9:30,0.31,0.30,1.37,27.3,1833,7.84,586,14:30,8/17/14,5:20,0.26,0.24,1.66,32.4,29.2,1830,7.85,478,0,0,1,0.50,1,2,1,2,1,1,1,1,,,,,,,,,,,
158,8/17/14,3,11,2,9:15,0.45,0.44,1.55,29.6,27.5,1800,7.78,,1,1,1,2,1,1,9:21,0.54,0.58,1.39,27.0,1790,7.79,,163,1.0,9:35,0.50,0.53,1.32,27.5,1796,7.81,,14:45,8/17/14,5:30,0.36,0.37,1.06,33.0,35.0,1821,7.84,,1,0,0,1.00,1,,1,1,1,1,1,1,,,,,,,,,,,
159,8/17/14,3,11,2,9:50,0.72,0.74,2.16,27.0,26.4,1217,7.62,,1,,1,2,1,1,10:00,0.85,0.92,1.83,26.6,1318,7.57,,123,1.0,10:10,0.50,0.51,5.90,26.7,1325,7.71,,14:45,8/17/14,4:55,0.36,0.36,3.68,27.1,35.5,1343,7.62,,0,0,1,0.30,1,,1,2,1,1,0,0,,,,,,,,,,,
160,8/17/14,3,11,2,9:40,0.70,0.74,1.41,28.4,26.1,1304,7.55,688,1,2,1,2,1,1,9:50,0.41,0.47,1.94,26.4,1289,7.50,708,65,1.0,10:00,0.37,0.39,1.90,26.6,1288,7.56,710,14:50,8/17/14,5:10,0.20,0.24,2.42,31.6,30.4,1284,7.51,678,0,0,1,0.80,1,2,1,2,1,1,1,1,,,,,,,,,,,
161,8/17/14,3,11,2,10:10,0.79,0.83,2.60,29.8,26.6,1236,7.68,658,1,1,1,1,1,1,10:20,0.71,0.78,2.30,26.8,1235,7.81,637,90,2.0,10:30,0.64,0.68,3.10,26.2,1254,7.69,618,,8/17/14,,,,,,,,,,,,1,0.00,,,,,,,,,,,,,,,,,,,
162,8/17/14,3,11,2,10:20,0.92,0.92,2.72,26.0,26.3,1217,7.61,,1,2,1,1,1,1,10:27,0.84,0.80,1.90,26.3,1166,7.55,,130,2.0,10:35,0.75,0.83,1.97,26.8,1231,7.59,,15:05,8/17/14,4:45,0.43,0.53,2.74,28.5,30.1,1178,7.61,,0,0,1,0.80,1,2,1,1,1,1,1,1,,,,,,,,,,,
163,8/17/14,3,11,2,8/17/14 15:15,0.86,0.88,2.07,33.4,28.4,1210,7.67,713,1,2,1,2,1,1,8/17/14 15:25,0.18,0.19,15.22,29.6,1236,7.68,396,85,1.0,8/17/14 15:25,0.14,0.14,16.84,30.8,1220,7.68,346,8/18/14 10:35,8/18/14,19:20,0.09,0.08,12.04,29.3,27.1,1186,7.79,356,0,0,1,0.50,1,2,1,2,1,1,1,1,,,,,,,,,,,
164,8/17/14,3,11,2,8/17/14 15:30,1.10,1.12,2.72,34.0,29.3,1133,7.55,,1,2,1,1,1,1,8/17/14 15:39,1.00,1.14,1.65,29.8,1106,7.62,,175,2.0,8/17/14 15:40,1.00,1.04,1.07,30.3,1107,7.67,,8/18/14 10:30,8/18/14,19:00,0.65,0.61,1.35,28.4,26.6,1147,7.82,,0,0,1,0.10,1,2,1,1,1,1,1,1,,,,,,,,,,,
165,8/17/14,3,11,2,8/17/14 15:55,1.01,1.14,2.27,31.6,28.9,1103,7.49,,1,1,1,2,1,1,8/17/14 16:00,0.98,1.18,1.31,27.8,1098,7.57,,125,2.0,8/17/14 16:10,0.86,0.90,1.70,29.2,1103,7.74,,8/18/14 10:45,8/18/14,18:50,0.64,0.71,2.24,26.4,26.2,1112,7.73,,0,0,1,0.50,1,1,1,2,1,1,1,1,,,,,,,,,,,
166,8/17/14,3,11,2,8/17/14 16:00,0.88,0.93,2.35,34.6,28.4,1117,7.55,655,1,1,0,1,1,1,8/17/14 16:10,0.87,0.84,2.68,28.2,1122,7.75,718,190,2.0,8/17/14 16:20,0.86,0.84,1.90,28.6,1126,7.70,690,8/18/14 10:45,8/18/14,18:45,0.12,0.12,2.06,29.3,30.9,1104,7.68,398,0,0,1,0.80,1,1,0,1,1,1,0,0,,,,,,,,,,,
167,8/18/14,3,7,1,8:10,0.70,0.72,2.04,24.2,27.4,1516,7.71,,1,1,1,1,1,1,8:30,0.63,0.60,1.68,27.3,1524,7.70,616,240,3.0,8:45,0.60,0.58,1.69,27.6,1514,7.77,626,14:30,8/18/14,6:20,0.05,0.05,1.04,34.6,38.9,1519,7.77,277,0,0,1,0.80,1,1,1,1,1,1,0,0,,,,,,,,,,,
168,8/18/14,3,7,1,8:10,0.67,0.68,1.57,26.8,27.0,1552,7.29,,1,4,1,1,1,1,8:20,0.70,0.67,1.59,27.1,1541,7.61,,160,2.0,8:40,0.55,0.58,2.16,26.8,1582,7.60,,14:30,8/18/14,6:20,0.39,0.35,0.84,32.5,31.7,,7.62,,0,0,0,1.00,1,4,1,1,1,1,1,1,,,,,,,,,,,
169,8/18/14,3,7,1,8:55,0.71,0.68,1.75,25.8,27.3,1518,7.67,684,1,2,1,1,1,1,9:05,0.67,0.73,1.45,27.1,1653,7.78,731,180,2.0,9:20,0.49,0.51,1.68,27.2,1649,7.72,708,15:05,8/18/14,6:10,0.07,0.05,3.40,36.4,38.5,1663,7.96,308,0,0,1,0.10,1,2,1,1,1,1,0,0,,,,,,,,,,,
170,8/18/14,3,7,1,8:55,0.49,0.46,1.82,26.2,27.0,1562,7.48,,1,2,1,1,1,1,9:00,0.63,0.57,1.92,27.5,1545,7.59,,240,2.0,9:15,0.75,0.78,1.51,27.6,1550,7.61,,14:45,8/18/14,5:50,0.28,0.33,2.33,32.5,32.1,1516,7.68,,0,0,0,1.00,1,2,1,1,1,1,1,1,,,,,,,,,,,
171,8/18/14,3,7,1,9:30,0.68,0.69,1.10,28.1,27.8,1604,7.80,738,1,2,1,1,1,1,9:40,0.64,0.66,1.16,27.6,1586,7.76,726,80,2.0,9:50,0.58,0.61,1.50,28.2,1665,7.79,718,14:50,8/18/14,5:20,0.31,0.31,1.61,37.2,32.9,1663,7.82,,0,0,1,0.20,1,2,1,1,1,1,1,1,,,,,,,,,,,
172,8/18/14,3,7,1,9:30,0.90,0.87,1.64,26.1,27.0,1717,7.74,,1,2,1,1,1,1,9:40,0.82,0.80,1.17,27.6,1698,7.65,,100,0.5,10:00,0.62,0.62,1.39,28.1,1739,7.86,,,8/18/14,,,,,,,,,,,,1,0.00,,,,,,,,,,,,,,,,,,,
173,8/18/14,3,7,1,10:00,0.75,0.72,1.18,28.4,28.3,1680,7.86,731,1,2,1,2,1,1,10:10,0.71,0.67,1.37,28.4,1671,7.86,722,80,2.0,10:20,0.68,0.66,1.38,28.6,1672,7.84,728,15:20,8/18/14,5:20,0.14,0.12,1.41,36.4,33.7,1645,7.78,,0,0,1,0.50,1,2,1,2,1,1,1,1,,,,,,,,,,,
174,8/18/14,3,7,1,8/18/14 15:21,0.82,0.85,1.43,39.7,30.0,936,7.48,,1,2,1,1,1,1,8/18/14 15:30,0.99,0.98,1.84,29.1,926,7.51,,150,1.0,8/18/14 15:40,0.67,0.69,0.61,30.8,983,7.59,,8/19/14 10:50,8/19/14,19:29,0.39,0.38,0.39,26.2,25.6,917,7.79,,0,0,0,1.00,1,2,1,1,1,1,1,1,,,,,,,,,,,
175,8/18/14,3,7,1,8/18/14 15:40,0.88,0.94,1.90,34.3,29.1,854,7.70,708,1,1,1,1,1,1,8/18/14 15:50,0.83,0.85,1.68,29.3,877,7.68,695,110,2.0,8/18/14 16:00,0.56,0.56,1.17,29.8,872,7.70,688,8/19/14 10:40,8/19/14,19:00,0.46,0.42,0.79,28.8,27.0,867,7.71,668,0,0,0,1.00,1,1,1,1,1,1,1,1,,,,,,,,,,,
176,8/18/14,3,7,1,8/18/14 16:00,1.01,0.97,2.18,35.4,28.4,863,7.53,,1,1,1,1,1,1,8/18/14 16:10,1.06,1.04,1.77,28.3,854,7.50,,110,2.0,8/18/14 16:20,0.98,0.97,1.88,29.4,871,7.58,,8/19/14 10:35,8/19/14,18:35,0.41,0.43,1.30,26.1,26.8,863,7.55,,0,0,0,1.00,1,1,1,1,1,1,1,1,,,,,,,,,,,
177,8/18/14,3,7,1,8/18/14 16:00,0.92,0.96,2.05,34.6,28.8,864,7.67,664,1,1,1,1,1,1,8/18/14 16:10,0.93,0.94,2.54,28.3,868,7.62,638,110,2.0,8/18/14 16:20,0.85,0.81,2.23,28.2,805,7.65,625,8/19/14 10:50,8/19/14,18:50,0.54,0.59,1.78,28.8,26.4,850,7.73,620,0,0,1,0.80,1,1,1,1,1,1,1,1,,,,,,,,,,,
178,8/19/14,3,15,3,8:10,0.76,0.74,1.99,24.5,27.1,1896,7.66,,1,4,1,1,1,1,8:20,0.81,0.75,2.32,27.0,1887,7.66,,95,2.0,8:30,0.71,0.70,2.45,26.9,1897,7.72,,14:55,8/19/14,6:45,0.73,0.69,2.29,32.2,28.5,1897,7.76,,0,0,1,0.50,1,4,1,1,1,1,1,1,,,,,,,,,,,
179,8/19/14,3,15,3,8:05,0.84,0.88,2.51,25.6,27.4,1872,7.74,,1,2,1,2,1,1,8:15,0.76,0.72,1.82,27.1,1851,7.76,622,90,2.0,8:25,0.54,0.55,1.90,26.4,1856,7.82,648,14:35,8/19/14,6:30,0.26,0.31,2.19,39.4,29.6,1748,7.83,504,0,0,1,0.30,1,2,1,2,1,1,1,1,,,,,,,,,,,
180,8/19/14,3,15,3,9:00,0.79,0.75,2.07,23.3,27.4,1777,7.70,,1,1,0,2,1,1,9:10,0.71,0.73,2.83,27.3,1759,7.76,,110,1.0,9:20,0.72,0.60,2.06,27.1,1760,7.85,,15:10,8/19/14,6:10,0.16,0.27,1.62,28.8,36.4,1795,7.77,,0,0,1,0.80,1,1,0,2,1,1,0,0,,,,,,,,,,,
181,8/19/14,3,15,3,8:50,0.84,0.88,1.71,26.2,27.4,1733,7.58,670,1,2,1,2,1,1,9:00,0.68,0.70,1.19,27.6,1761,7.72,664,120,2.0,9:15,0.53,0.55,1.50,27.5,1759,7.76,612,14:55,8/19/14,6:05,0.22,0.23,1.90,35.1,29.3,1677,7.81,592,0,0,1,0.70,1,2,1,1,1,1,1,1,,,,,,,,,,,
182,8/19/14,3,15,3,9:30,0.39,0.37,1.84,25.8,27.0,862,7.71,,1,1,1,1,1,1,9:40,0.30,0.33,3.20,27.0,874,7.54,,117,2.0,9:45,0.38,0.53,2.21,27.1,881,7.64,,,8/19/14,,,,,,,,,,,,1,0.00,,,,,,,,,,,,,,,,,,,
183,8/19/14,3,15,3,9:23,0.54,0.54,1.74,26.2,27.2,866,7.59,503,1,1,1,2,1,1,9:35,0.46,0.44,1.86,27.1,869,7.73,494,130,3.0,9:45,0.32,0.28,1.96,27.3,871,7.73,438,15:05,8/19/14,5:42,0.06,0.03,1.73,34.2,37.6,884,7.64,313,0,0,0,1.00,1,1,1,2,1,1,0,0,,,,,,,,,,,
184,8/19/14,3,15,3,9:55,1.14,1.12,2.10,28.2,27.5,812,7.65,,1,1,1,1,1,1,10:15,0.91,0.93,2.00,27.4,521,7.83,684,85,2.0,10:30,0.86,0.88,1.96,27.5,516,7.73,688,14:45,8/19/14,4:50,0.81,0.83,2.32,35.4,29.3,513,7.63,634,0,0,1,0.60,1,1,1,1,1,1,1,1,,,,,,,,,,,
185,8/19/14,3,15,3,10:00,0.38,0.35,1.71,24.5,27.2,830,7.59,,1,2,0,1,1,1,10:10,0.37,0.40,1.50,27.3,873,7.57,,60,1.0,10:15,0.21,,1.01,27.4,880,7.73,,14:44,8/19/14,4:44,0.17,0.15,2.21,36.7,29.9,873,7.69,,0,0,1,0.90,1,2,0,1,1,1,1,1,,,,,,,,,,,
186,8/19/14,3,15,3,8/19/14 15:15,1.88,1.88,2.00,35.6,30.0,355,7.10,743,1,1,1,1,1,1,8/19/14 15:30,1.78,1.68,2.23,29.4,359,7.44,738,260,4.0,8/19/14 15:45,1.56,1.58,2.28,29.6,359,7.35,740,8/20/14 10:50,8/20/14,19:35,1.14,1.18,2.97,35.3,30.5,360,7.58,673,0,0,1,0.30,1,1,1,1,1,1,1,1,,,,,,,,,,,
187,8/19/14,3,15,3,8/19/14 15:20,2.02,1.84,2.97,33.2,29.3,357,7.07,,1,1,1,1,1,1,8/19/14 15:30,1.76,1.70,2.03,28.6,367,6.99,,60,1.0,8/19/14 15:35,1.40,1.32,1.14,29.5,370,7.23,,8/20/14 10:50,8/20/14,19:30,1.51,1.46,1.71,31.2,27.4,387,7.31,,0,0,1,0.80,1,1,1,1,1,1,1,1,,,,,,,,,,,
188,8/19/14,3,15,3,8/19/14 16:10,1.36,1.38,1.77,34.6,28.7,1387,7.73,694,1,2,1,1,1,1,8/19/14 16:20,1.08,1.20,1.78,28.2,1308,7.82,726,120,2.0,8/19/14 16:25,0.61,0.55,1.98,28.2,1309,7.82,734,8/20/14 10:40,8/20/14,18:30,0.32,0.30,3.00,34.6,26.8,1320,7.99,599,0,0,1,0.20,1,2,1,1,1,1,1,1,,,,,,,,,,,
189,8/19/14,3,15,3,8/19/14 15:57,1.74,1.98,1.01,29.9,29.3,1359,7.66,,1,2,1,1,1,1,8/19/14 16:00,1.26,1.24,3.47,29.7,1365,7.22,,230,2.0,8/19/14 16:10,1.24,1.16,4.21,30.3,1370,7.22,,8/20/14 11:15,8/20/14,19:18,1.12,1.12,1.84,31.3,26.8,1371,7.40,,0,0,1,0.50,1,2,1,1,1,1,1,1,,,,,,,,,,,
190,8/20/14,6,9,J8/5,8:00,0.72,0.72,1.65,26.6,27.2,776,7.71,562,1,2,1,1,1,1,8:15,0.76,0.74,1.52,27.0,823,7.84,624,65,1.0,8:25,0.62,0.69,0.90,26.7,838,7.78,644,14:25,8/20/14,6:25,0.25,0.27,1.13,39.7,31.6,832,7.70,461,0,0,1,0.50,1,2,1,1,1,1,1,1,,,,,,,,,,,
191,8/20/14,6,9,J8/5,8:10,0.66,0.99,3.50,26.7,26.2,834,7.66,,1,2,1,1,1,1,8:20,0.73,0.72,1.56,26.3,825,7.50,,130,1.0,8:30,0.37,0.39,2.03,27.0,829,7.71,,14:40,8/20/14,6:30,0.56,0.60,0.30,34.1,29.9,840,7.57,,0,0,1,0.50,1,2,1,1,1,1,1,1,,,,,,,,,,,
192,8/20/14,6,9,J8/5,8:45,0.79,0.78,1.50,26.8,26.7,826,7.76,675,1,1,1,1,1,1,8:55,0.72,0.75,1.28,27.0,823,7.91,685,75,1.0,9:05,0.59,0.54,1.09,26.8,833,7.81,664,14:35,8/20/14,5:50,0.46,0.46,1.21,35.4,31.0,835,7.82,656,0,0,1,0.60,1,1,1,1,1,1,1,1,,,,,,,,,,,
193,8/20/14,6,9,J8/5,8:45,0.89,0.88,2.64,23.9,26.5,836,7.75,,1,4,1,1,1,1,8:50,0.91,0.89,1.59,26.4,827,7.71,,60,0.5,9:00,0.83,0.78,1.32,27.9,834,7.78,,15:15,8/20/14,6:30,0.53,0.57,1.76,33.1,33.3,847,7.78,,0,0,1,0.10,1,4,1,1,1,1,1,1,,,,,,,,,,,
194,8/20/14,6,9,J8/5,9:15,0.69,0.82,2.23,23.5,26.4,827,7.69,,1,2,1,1,1,1,9:20,0.94,0.84,1.59,26.9,832,7.69,,113,1.0,9:30,0.73,0.75,0.73,27.1,828,7.65,,14:55,8/20/14,5:40,0.34,0.33,1.65,30.6,33.2,844,7.57,,0,0,0,1.00,1,2,1,1,1,1,0,0,,,,,,,,,,,
195,8/20/14,6,9,J8/5,8/20/14 15:00,1.01,1.01,7.76,39.4,29.4,711,7.74,633,1,1,1,2,1,1,8/20/14 15:10,0.87,0.84,1.97,29.4,712,7.75,686,220,3.0,8/20/14 15:20,0.74,0.68,3.77,30.0,713,7.82,642,8/21/14 9:35,8/21/14,18:35,0.44,0.41,3.30,25.8,28.3,684,7.81,511,0,0,1,0.50,1,1,1,2,1,1,0,0,,,,,,,,,,,
196,8/20/14,6,9,J8/5,8/20/14 15:30,0.83,0.88,2.69,36.2,28.1,788,7.72,664,1,1,1,1,1,1,8/20/14 15:40,0.84,0.86,2.17,28.2,712,7.78,668,140,3.0,8/20/14 15:50,0.79,0.86,1.80,28.9,712,7.90,672,8/21/14 9:25,8/21/14,17:55,0.32,0.36,1.28,25.6,23.3,767,7.68,359,0,,,,1,1,1,1,1,1,1,1,,,,,,,,,,,
197,8/20/14,6,9,J8/5,9:55,1.08,0.93,1.55,25.7,26.9,657,7.48,,1,1,1,1,1,1,10:00,0.99,1.06,2.27,27.3,707,7.47,,120,1.0,10:10,0.89,0.89,2.09,28.0,712,7.59,,14:30,8/20/14,4:35,0.69,0.68,1.93,42.7,32.4,709,7.57,,0,0,1,0.80,1,1,1,1,1,1,1,1,,,,,,,,,,,
198,8/20/14,6,9,J8/5,8/20/14 15:20,0.95,0.93,3.32,33.7,28.3,704,7.67,,1,1,1,1,1,1,8/20/14 15:30,0.72,0.77,,28.7,710,7.54,,104,1.0,8/20/14 15:40,0.25,0.33,16.80,29.0,746,7.62,,8/21/14 9:35,8/21/14,18:15,0.04,0.01,5.88,26.2,25.2,750,7.73,,1,1,1,0.50,1,1,1,1,1,1,1,1,,,,,,,,,,,
199,8/20/14,6,9,J8/5,8/20/14 15:50,0.92,0.99,0.49,31.0,27.9,714,7.77,,1,2,1,1,1,1,8/20/14 16:00,0.69,0.86,0.26,28.2,706,7.40,,62,2.0,8/20/14 16:07,0.74,0.73,3.30,29.6,715,7.43,,8/21/14 9:30,8/21/14,17:40,0.47,0.48,1.23,29.3,25.7,718,7.72,,0,0,0,1.00,1,2,1,1,1,1,1,1,,,,,,,,,,,
,,,,,,,,,,,,,,,,,,,,,,,,,,,,,,,,,,,,,,,,,,,,,,,,,,,,,,,,,,,,,,,,,,,,,,,
,,,,,,,,,,,,,,,,,,,,,,,,,,,,,,,,,,,,,,,,,,,,,,,,,,,,,,,,,,,,,,,,,,,,,,,
,,,,,,,,,,,,,,,,,,,,,,,,,,,,,,,,,,,,,,,,,,,,,,,,,,,,,,,,,,,,,,,,,,,,,,,
,,,,,,,,,,,,,,,,,,,,,,,,,,,,,,,,,,,,,,,,,,,,,,,,,,,,,,,,,,,,,,,,,,,,,,,
,,,,,,,,,,,,,,,,,,,,,,,,,,,,,,,,,,,,,,,,,,,,,,,,,,,,,,,,,,,,,,,,,,,,,,,
,,,,,,,,,,,,,,,,,,,,,,,,,,,,,,,,,,,,,,,,,,,,,,,,,,,,,,,,,,,,,,,,,,,,,,,
,,,,,,,,,,,,,,,,,,,,,,,,,,,,,,,,,,,,,,,,,,,,,,,,,,,,,,,,,,,,,,,,,,,,,,,
,,,,,,,,,,,,,,,,,,,,,,,,,,,,,,,,,,,,,,,,,,,,,,,,,,,,,,,,,,,,,,,,,,,,,,,
,,,,,,,,,,,,,,,,,,,,,,,,,,,,,,,,,,,,,,,,,,,,,,,,,,,,,,,,,,,,,,,,,,,,,,,
,,,,,,,,,,,,,,,,,,,,,,,,,,,,,,,,,,,,,,,,,,,,,,,,,,,,,,,,,,,,,,,,,,,,,,,
,,,,,,,,,,,,,,,,,,,,,,,,,,,,,,,,,,,,,,,,,,,,,,,,,,,,,,,,,,,,,,,,,,,,,,,
,,,,,,,,,,,,,,,,,,,,,,,,,,,,,,,,,,,,,,,,,,,,,,,,,,,,,,,,,,,,,,,,,,,,,,,
,,,,,,,,,,,,,,,,,,,,,,,,,,,,,,,,,,,,,,,,,,,,,,,,,,,,,,,,,,,,,,,,,,,,,,,
,,,,,,,,,,,,,,,,,,,,,,,,,,,,,,,,,,,,,,,,,,,,,,,,,,,,,,,,,,,,,,,,,,,,,,,
,,,,,,,,,,,,,,,,,,,,,,,,,,,,,,,,,,,,,,,,,,,,,,,,,,,,,,,,,,,,,,,,,,,,,,,
,,,,,,,,,,,,,,,,,,,,,,,,,,,,,,,,,,,,,,,,,,,,,,,,,,,,,,,,,,,,,,,,,,,,,,,
,,,,,,,,,,,,,,,,,,,,,,,,,,,,,,,,,,,,,,,,,,,,,,,,,,,,,,,,,,,,,,,,,,,,,,,
,,,,,,,,,,,,,,,,,,,,,,,,,,,,,,,,,,,,,,,,,,,,,,,,,,,,,,,,,,,,,,,,,,,,,,,
,,,,,,,,,,,,,,,,,,,,,,,,,,,,,,,,,,,,,,,,,,,,,,,,,,,,,,,,,,,,,,,,,,,,,,,
,,,,,,,,,,,,,,,,,,,,,,,,,,,,,,,,,,,,,,,,,,,,,,,,,,,,,,,,,,,,,,,,,,,,,,,
,,,,,,,,,,,,,,,,,,,,,,,,,,,,,,,,,,,,,,,,,,,,,,,,,,,,,,,,,,,,,,,,,,,,,,,