sample_id,se1_date,village,zone,tapstand_code,se1_time,se1_frc,se1_trc,se1_turb,se1_airtemp,se1_wattemp,se1_cond,se1_ph,se1_orp,resp_consent,sa_tap,sa_cont,sa_cover,sa_clean,sa_opacity,sa_colour,se2_time,se2_frc,se2_trc,se2_turb,se2_wattemp,se2_cond,se2_ph,se2_orp,hh_steps,hh_minutes,se3_time,se3_frc,se3_trc,se3_turb,se3_wattemp,se3_cond,se3_ph,se3_orp,se4_time,se4_date,timelapse4,se4_frc,se4_trc,se4_turb,se4_airtemp,se4_wattemp,se4_cond,se4_ph,se4_orp,se5_time,se5_date,timelapse5,se5_frc,se5_trc,se5_turb,se5_airtemp,se5_wattemp,se5_cond,se5_ph,se5_orp,sb_watertransfer,sb_watermix,sb_waterused,sb_waterleft,sb_drawing,sb_cont,sb_cover,sb_clean,sb_opacity,sb_colour,sb_inout,sb_sunshade
1,6/23/15,A,Q7V5,W3,6/23/15 8:10,1.08,1.12,0.25,16.7,,,,,Y,P,R,Y,U,Y,Y,6/23/15 8:17,1.12,1.23,0.22,,,,,730,8.0,6/23/15 8:40,1.14,1.19,0.25,,,,,6/23/15 12:10,6/23/15,4:00,1.10,1.06,0.01,19.1,,,,,6/23/15 15:12,6/23/15,7:02,1.06,0.97,0.01,23.2,,,,,N,N,N,100%,P,R,Y,U,Y,Y,I,N
2,6/23/15,A,Q7V5,W3,6/23/15 9:02,1.02,1.10,0.21,18.6,,,,,Y,P,R,N,U,Y,Y,6/23/15 9:10,1.05,1.13,0.33,,,,,0,0.0,6/23/15 9:18,1.04,1.10,0.33,,,,,6/23/15 11:33,6/23/15,2:31,1.02,1.06,0.01,19.5,,,,,6/23/15 14:31,6/23/15,5:29,1.00,0.99,0.01,21.6,,,,,N,N,Y,30%,P,R,N,U,Y,Y,I,N
3,6/23/15,A,Q7V5,W3,6/23/15 9:30,1.12,1.52,0.29,22.8,,,,,Y,P,R,N,D,Y,Y,6/23/15 9:40,1.05,1.06,3.44,,,,,110,2.0,6/23/15 9:58,1.02,1.10,3.59,,,,,6/23/15 11:47,6/23/15,2:17,0.94,0.95,2.99,18.6,,,,,6/23/15 14:45,6/23/15,5:15,0.87,0.92,3.42,22.3,,,,,N,N,Y,75%,P,R,N,C,Y,Y,I,N
4,6/23/15,B,Q3V1,W40,6/23/15 7:38,0.80,0.84,0.03,13.3,,,,,Y,T,R,N,D,Y,Y,6/23/15 7:51,0.88,0.93,0.01,,,,,67,1.0,6/23/15 7:58,0.88,0.87,0.01,,,,,6/23/15 14:38,6/23/15,7:00,0.79,0.84,0.01,21.8,,,,,6/23/15 15:12,6/23/15,7:34,0.76,0.82,0.01,21.7,,,,,N,N,Y,4%,P,R,N,U,Y,Y,I,N
5,6/23/15,B,Q3V1,W40,6/23/15 8:09,0.89,0.91,0.01,20.1,,,,,Y,T,R,N,U,Y,Y,6/23/15 8:16,0.95,0.99,0.01,,,,,80,1.0,6/23/15 8:27,0.94,0.98,0.01,,,,,6/23/15 14:23,6/23/15,6:14,0.85,0.89,0.62,24.0,,,,,6/23/15 15:07,6/23/15,6:58,0.80,0.85,0.01,21.9,,,,,N,N,Y,10%,P,R,N,U,Y,Y,O,N
6,6/23/15,B,Q3V1,W40,6/23/15 8:40,0.84,0.90,0.01,21.1,,,,,Y,T,R,N,U,Y,Y,6/23/15 8:53,0.83,0.89,0.01,,,,,70,1.0,6/23/15 9:03,0.84,0.94,0.01,,,,,,6/23/15,,,,,,,,,,,6/23/15,,,,,,,,,,,,,,,,,,,,,
7,6/23/15,B,Q3V1,W40,6/23/15 9:18,0.82,0.95,0.01,28.1,,,,,Y,T,R,N,C,Y,Y,6/23/15 9:23,0.88,0.93,0.01,,,,,127,2.0,6/23/15 9:31,0.90,0.95,0.01,,,,,6/23/15 14:13,6/23/15,4:55,0.64,0.70,0.42,24.6,,,,,6/23/15 14:43,6/23/15,5:25,0.68,0.68,0.10,21.4,,,,,N,N,Y,3%,P,R,N,U,Y,Y,O,N
8,6/24/15,A,Q7V4,W7,6/24/15 7:44,0.75,0.78,0.01,17.3,,,,,Y,T,R,N,U,Y,Y,6/24/15 7:54,0.81,0.85,0.08,,,,,174,2.5,6/24/15 8:04,0.75,0.81,0.01,,,,,6/24/15 13:43,6/24/15,5:59,0.63,0.67,0.01,25.0,,,,,6/24/15 14:30,6/24/15,6:46,0.70,0.73,0.13,26.6,,,,,N,N,Y,20%,P,R,N,U,Y,Y,I,N
9,6/24/15,A,Q7V4,W7,6/24/15 8:18,0.75,0.79,0.24,21.0,,,,,Y,T,R,Y,C,N,White,6/24/15 8:24,0.75,0.80,0.39,,,,,0,0.0,6/24/15 8:34,0.74,0.79,0.01,,,,,6/24/15 13:17,6/24/15,4:59,0.61,0.72,0.14,22.1,,,,,6/24/15 15:18,6/24/15,7:00,0.55,0.62,0.12,25.3,,,,,N,N,N,100%,P,R,Y,C,N,White,I,N
10,6/24/15,A,Q7V4,W7,6/24/15 8:38,0.80,0.85,0.01,18.0,,,,,Y,T,R,N,U,Y,Y,6/24/15 8:41,0.85,0.87,0.01,,,,,264,4.0,6/24/15 8:55,0.78,0.78,0.01,,,,,6/24/15 13:53,6/24/15,5:15,0.54,0.61,0.06,24.7,,,,,6/24/15 14:45,6/24/15,6:07,0.55,0.59,0.01,25.4,,,,,N,N,Y,2%,P,R,N,U,Y,Y,O,Y
11,6/24/15,A,Q7V4,W7,6/24/15 9:13,0.75,0.83,0.01,20.3,,,,,Y,T,R,N,C,N,White,6/24/15 9:21,0.70,0.77,0.01,,,,,22,0.5,6/24/15 9:32,0.70,0.78,0.01,,,,,6/24/15 13:32,6/24/15,4:19,0.51,0.59,0.01,24.3,,,,,6/24/15 14:58,6/24/15,5:45,0.46,0.57,0.01,24.5,,,,,N,N,Y,8%,P,R,N,C,N,White,I,N
12,6/24/15,A,Q7V4,W7,6/24/15 9:43,0.68,0.76,0.01,23.6,,,,,Y,,,,,,,,,,,,,,,,,,,,,,,,,,,,,,,,,,,,,,,,,,,,,,,,,,,,,,,,,,
13,6/25/15,B,Q1V3,W17,6/25/15 7:43,0.72,0.84,0.22,18.7,,,,,Y,T,R,N,U,Y,Y,6/25/15 7:58,0.75,0.81,0.04,,,,,56,1.0,6/25/15 8:13,0.77,0.80,0.01,,,,,6/25/15 14:25,6/25/15,6:42,0.72,0.78,0.01,26.0,,,,,6/25/15 15:59,6/25/15,8:16,0.72,0.75,0.01,24.6,,,,,N,N,N,100%,P,R,Y,U,Y,Y,I,N
14,6/25/15,B,Q1V3,W17,6/25/15 8:26,0.73,0.80,0.01,19.6,,,,,Y,T,R,N,C,Y,Y,6/25/15 8:32,0.76,0.78,0.01,,,,,76,1.3,6/25/15 8:42,0.60,0.77,0.01,,,,,6/25/15 14:47,6/25/15,6:21,0.61,0.67,0.24,25.4,,,,,6/25/15 15:41,6/25/15,7:15,0.66,0.70,0.08,21.2,,,,,N,N,Y,25%,P,R,N,C,Y,Y,I,N
15,6/25/15,B,Q1V3,W17,6/25/15 8:53,0.70,0.75,0.01,20.5,,,,,Y,T,R,N,U,Y,Y,6/25/15 9:10,0.68,0.76,0.07,,,,,0,0.0,6/25/15 9:15,0.69,0.84,0.01,,,,,6/25/15 13:45,6/25/15,4:52,0.65,0.69,0.01,23.6,,,,,6/25/15 15:05,6/25/15,6:12,0.62,0.67,0.40,31.0,,,,,N,N,Y,80%,P,R,N,U,Y,Y,I,N
16,6/25/15,B,Q1V3,W17,6/25/15 10:01,0.71,0.76,0.01,18.5,,,,,Y,T,Collapsible,N,U,N,White,6/25/15 10:10,0.65,0.69,0.01,,,,,18,0.3,6/25/15 10:15,0.61,0.66,0.01,,,,,6/25/15 13:52,6/25/15,3:51,0.51,0.55,0.01,22.6,,,,,6/25/15 15:22,6/25/15,5:21,0.33,0.37,0.50,28.6,,,,,N,N,Y,1%,P,Collapsible,N,U,N,White,I,N
17,6/25/15,B,Q1V3,W17,6/25/15 10:40,0.75,0.79,0.01,19.5,,,,,Y,T,R,Y,U,Y,Y,6/25/15 10:50,0.73,0.77,0.01,,,,,58,0.9,6/25/15 10:57,0.68,0.80,0.02,,,,,6/25/15 14:05,6/25/15,3:25,0.02,0.10,0.66,25.1,,,,,6/25/15 16:07,6/25/15,5:27,0.04,0.09,0.47,27.1,,,,,N,N,Y,50%,P,Collapsible,N,U,N,White,O,Y
18,6/26/15,A,Q8V2,W11,6/26/15 7:35,0.63,0.68,0.03,18.7,,,,,Y,T,R,N,U,Y,Y,6/26/15 7:50,0.63,0.68,0.13,,,,,26,0.3,6/26/15 8:02,0.62,0.67,0.25,,,,,6/26/15 14:45,6/26/15,7:10,0.52,0.59,0.06,21.6,,,,,6/26/15 15:23,6/26/15,7:48,0.48,0.56,0.01,20.1,,,,,Y,N,N,100%,P,R,Y,U,Y,Y,I,N
19,6/26/15,A,Q8V2,W11,6/26/15 8:16,0.55,0.62,0.01,17.0,,,,,Y,T,Collapsible,N,U,N,White,6/26/15 8:21,0.60,0.62,0.01,,,,,30,0.5,6/26/15 8:34,0.61,0.64,0.01,,,,,6/26/15 14:35,6/26/15,6:19,0.50,0.56,0.01,23.5,,,,,6/26/15 15:10,6/26/15,6:54,0.40,0.48,2.87,21.2,,,,,N,N,Y,50%,P,Collapsible,N,U,N,White,I,N
20,6/26/15,A,Q8V2,W11,6/26/15 8:50,0.59,0.69,0.01,18.2,,,,,Y,T,Bucket,N,U,Y,Green,6/26/15 9:00,0.48,0.56,0.83,,,,,0,0.0,6/26/15 9:10,0.47,0.55,0.61,,,,,6/26/15 14:22,6/26/15,5:32,0.27,0.41,1.07,25.4,,,,,,6/26/15,,,,,,,,,,N,Y,Y,60%,,Bucket,N,U,Y,Green,I,N
21,6/26/15,A,Q8V2,W11,6/26/15 9:31,1.18,1.33,0.01,18.1,,,,,Y,P,R,N,U,Y,Y,6/26/15 9:38,1.25,1.27,0.01,,,,,0,0.0,6/26/15 9:43,1.18,1.18,0.01,,,,,6/26/15 14:05,6/26/15,4:34,1.13,1.22,0.01,21.3,,,,,6/26/15 15:40,6/26/15,6:09,0.88,0.99,0.09,23.1,,,,,Y,N,Y,10%,P,Saucepan,N,U,Y,Black,I,N
22,6/29/15,B,Q4V2,W29,6/29/15 7:43,0.67,0.74,0.55,19.1,,,,,Y,T,R,N,D,Y,Y,6/29/15 7:49,0.71,0.78,0.24,,,,,29,0.3,6/29/15 7:58,0.76,0.80,0.13,,,,,6/29/15 13:50,6/29/15,6:07,0.67,0.71,0.09,24.6,,,,,6/29/15 15:40,6/29/15,7:57,0.68,0.70,0.01,20.0,,,,,N,N,Y,20%,P,R,N,D,Y,Y,I,N
23,6/29/15,B,Q4V2,W29,6/29/15 8:06,0.72,0.76,0.25,20.4,,,,,Y,T,R,N,C,Y,Y,6/29/15 8:13,0.76,0.80,0.01,,,,,50,0.8,6/29/15 8:20,0.62,0.74,0.01,,,,,6/29/15 14:08,6/29/15,6:02,0.63,0.72,0.01,24.0,,,,,6/29/15 15:13,6/29/15,7:07,0.67,0.72,0.01,21.0,,,,,N,,Y,30%,P,R,N,C,Y,Y,I,N
24,6/29/15,B,Q4V2,W29,6/29/15 8:23,0.69,0.73,0.01,21.0,,,,,Y,T,R,Y,U,Y,Y,6/29/15 8:29,0.71,0.76,0.01,,,,,50,0.8,6/29/15 8:35,0.59,0.71,0.14,,,,,6/29/15 14:29,6/29/15,6:06,0.57,0.61,0.01,20.2,,,,,6/29/15 15:20,6/29/15,6:57,0.55,0.58,0.01,19.5,,,,,N,N,Y,45%,P,R,N,U,Y,Y,I,N
25,6/29/15,B,Q4V2,W29,6/29/15 8:40,0.72,0.74,0.01,21.4,,,,,Y,T,R,N,U,Y,Y,6/29/15 8:50,0.69,0.70,0.34,,,,,85,0.8,6/29/15 8:55,0.70,0.75,0.01,,,,,6/29/15 14:20,6/29/15,5:40,0.61,0.73,0.01,24.6,,,,,6/29/15 14:48,6/29/15,6:08,0.65,0.75,0.01,22.7,,,,,N,N,N,100%,P,R,Y,U,Y,Y,I,N
26,6/29/15,B,Q4V2,W29,6/29/15 9:20,0.69,0.74,0.38,21.3,,,,,Y,T,R,N,U,Y,Y,6/29/15 9:30,0.66,0.70,0.41,,,,,52,0.8,6/29/15 9:45,0.66,0.75,0.13,,,,,6/29/15 14:35,6/29/15,5:15,0.61,0.69,0.05,20.9,,,,,6/29/15 15:00,6/29/15,5:40,0.43,0.62,0.68,22.0,,,,,N,N,Y,10%,P,R,N,U,Y,Y,I,N
27,7/2/15,B,Q5V3,W28,7/2/15 8:04,0.37,0.41,0.23,15.1,16.7,72.5,6.36,,Y,T,R,N,U,Y,Y,7/2/15 8:30,0.37,0.37,0.44,16.1,69.9,6.45,,20,0.3,7/2/15 8:46,0.35,0.36,0.38,16.5,72.7,6.44,,7/2/15 14:43,7/2/15,6:39,0.34,0.40,0.23,23.1,18.9,72.7,6.71,,7/3/15 8:30,7/3/15,24:26:00,0.28,0.31,0.04,17.7,17.7,72.2,6.90,,N,N,Y,30%,P,R,N,U,Y,Y,I,N
28,7/2/15,A,Q7V5,W1,7/2/15 9:20,0.33,0.35,0.40,16.2,16.2,23.4,6.49,,Y,T,R,Y,U,Y,Y,7/2/15 9:30,0.39,0.36,0.70,17.3,71.1,6.29,,840,14.0,7/2/15 9:53,0.31,0.35,0.21,17.8,70.3,6.40,,7/2/15 14:15,7/2/15,4:55,0.27,0.32,0.03,18.4,18.2,73.0,6.32,,7/3/15 7:59,7/3/15,22:39:00,0.06,0.10,0.14,15.5,17.2,71.3,6.86,,N,N,Y,15%,P,R,N,D,Y,Y,I,N
29,7/2/15,A,Q7V5,W1,7/2/15 10:18,0.35,0.41,0.02,16.7,18.1,70.9,6.42,,Y,T,R,Y,U,Y,Y,7/2/15 10:35,0.37,0.40,0.01,18.1,74.2,6.35,,840,15.0,7/2/15 10:50,0.36,0.41,0.01,19.4,72.8,6.38,,7/2/15 14:22,7/2/15,4:04,0.28,0.36,0.18,18.2,19.2,72.6,6.58,,7/3/15 7:50,7/3/15,21:32:00,0.16,0.19,0.29,15.5,17.4,71.3,7.01,,N,N,Y,15%,P,R,N,U,Y,Y,I,N
30,7/2/15,B,Q5V3,W28,7/2/15 8:04,0.36,0.42,0.31,16.5,16.7,68.7,6.53,,Y,T,R,N,D,Y,Y,7/2/15 8:20,0.40,0.41,0.01,16.5,67.6,6.62,,20,0.3,7/2/15 8:28,0.37,0.44,0.02,16.3,67.1,6.61,,7/2/15 15:03,7/2/15,6:59,0.31,0.46,0.35,23.7,18.9,67.5,6.71,,7/3/15 7:56,7/3/15,23:52:00,0.21,0.22,0.67,16.6,16.6,66.5,6.71,,N,N,Y,60%,P,R,N,U,Y,Y,I,N
31,7/2/15,A,Q7V5,W1,7/2/15 9:21,0.23,0.34,0.03,15.2,17.2,67.4,6.37,,Y,T,R,Y,U,Y,Y,7/2/15 9:31,0.20,0.23,0.01,17.7,65.6,6.27,,1000,16.0,7/2/15 9:56,0.37,0.38,0.01,18.3,65.3,6.39,,7/2/15 14:38,7/2/15,5:17,0.33,0.37,0.01,22.6,19.9,66.5,6.40,,7/3/15 8:30,7/3/15,23:09:00,0.21,0.27,0.38,18.5,17.6,66.9,6.63,,N,N,Y,20%,P,R,N,U,Y,Y,I,N
32,7/2/15,A,Q7V5,W1,7/2/15 10:28,0.34,0.40,0.01,21.1,18.7,66.0,6.37,,N,T,R,Y,U,Y,Y,7/2/15 10:40,0.38,0.41,0.01,18.9,67.0,6.38,,680,11.0,7/2/15 10:56,0.35,0.39,0.01,19.2,66.3,6.38,,7/2/15 14:07,7/2/15,3:39,0.23,0.41,0.01,18.6,18.5,67.4,6.39,,,7/3/15,,,,,,,,,,,,,,,,,,,,,
33,7/3/15,B,Q5V3,W28,7/3/15 9:20,0.33,0.39,0.10,20.0,19.2,81.2,6.54,,Y,T,R,N,U,Y,Y,7/3/15 9:33,0.37,0.44,0.06,18.4,79.2,6.65,,20,0.1,7/3/15 9:45,0.36,0.42,0.06,18.4,82.0,6.57,,7/3/15 14:36,7/3/15,5:16,0.28,0.34,0.01,20.0,18.5,80.3,6.91,,7/3/15 15:09,7/3/15,5:49:00,0.26,0.31,0.27,19.9,19.0,82.2,6.78,,N,N,Y,50%,P,R,Y,U,Y,Y,I,N
34,7/3/15,B,Q5V3,W28,7/3/15 9:56,0.36,0.41,0.01,19.6,19.3,70.2,6.62,,Y,T,R,N,U,Y,Y,7/3/15 10:02,0.33,0.40,0.01,18.6,79.7,6.70,,20,0.3,7/3/15 10:10,0.27,0.37,0.01,19.0,78.9,6.76,,7/3/15 14:13,7/3/15,4:17,0.26,0.33,0.30,18.9,18.7,81.4,6.87,,7/3/15 14:55,7/3/15,4:59:00,0.29,0.37,0.02,18.3,19.1,80.3,6.76,,N,N,Y,70%,P,R,Y,U,Y,Y,I,N
35,7/3/15,B,Q5V3,W28,7/3/15 10:21,0.33,0.41,0.01,17.2,18.3,80.5,6.72,,Y,T,R,N,U,Y,Y,7/3/15 10:30,0.41,0.45,0.01,18.3,79.8,6.69,,50,0.8,7/3/15 10:39,0.37,0.45,0.01,17.8,79.8,6.58,,7/3/15 14:24,7/3/15,4:03,0.36,0.45,0.01,21.0,19.6,81.0,6.80,,7/3/15 15:10,7/3/15,4:49:00,0.36,0.41,0.21,19.6,19.3,79.8,6.71,,N,N,Y,60%,P,R,Y,U,Y,Y,I,N
36,7/3/15,B,Q5V3,W28,7/3/15 10:21,0.41,0.46,0.01,17.5,18.0,78.2,6.59,,Y,T,R,Y,C,Y,White,7/3/15 10:58,0.35,0.40,0.06,18.1,80.5,6.67,,0,0.0,7/3/15 11:02,0.33,0.42,0.01,18.0,81.0,6.60,,7/3/15 14:49,7/3/15,4:28,0.32,0.32,0.14,19.5,19.0,78.2,6.73,,7/3/15 15:19,7/3/15,4:58:00,0.26,0.31,0.07,18.7,18.8,81.4,6.73,,N,N,Y,40%,P,R,Y,U,Y,White,I,N
37,7/3/15,B,Q5V3,W28,7/3/15 9:04,0.33,0.40,0.60,13.2,18.5,75.4,6.59,,N,T,Collapsible,N,D,N,White,7/3/15 9:14,0.33,0.38,0.58,18.5,75.2,6.66,,37,0.5,7/3/15 9:36,0.32,0.34,0.50,20.4,76.5,6.65,,7/3/15 14:50,7/3/15,5:46,0.15,0.21,0.73,23.2,18.8,76.9,6.79,,7/3/15 16:02,7/3/15,6:58:00,0.15,0.23,0.39,20.2,18.3,77.4,6.88,,N,N,Y,10%,P,C,N,D,N,White,I,N
38,7/3/15,B,Q5V3,W28,7/3/15 9:51,0.44,0.51,0.56,24.6,19.7,76.2,6.62,,Y,T,R,N,U,Y,Y,7/3/15 10:20,0.41,0.44,1.24,19.0,76.8,6.62,,30,0.3,7/3/15 10:46,0.37,0.44,2.01,18.7,77.5,6.77,,,7/3/15,,,,,,,,,,,,,,,,,,,,,,Y,,,,,,,,,,
39,7/3/15,B,Q5V3,W28,7/3/15 10:25,0.38,0.44,0.65,19.6,18.7,77.2,6.70,,Y,T,R,N,U,Y,Y,7/3/15 10:35,0.42,0.46,0.20,18.9,75.8,6.75,,45,1.0,7/3/15 11:00,0.40,0.46,0.47,18.9,75.8,6.75,,7/3/15 15:06,7/3/15,4:41,0.28,0.34,0.59,22.2,19.5,75.1,6.91,,7/3/15 15:34,7/3/15,5:09:00,0.33,0.37,0.24,20.1,13.4,77.2,6.84,,N,N,Y,30%,P,R,N,U,Y,Y,I,N
40,7/3/15,B,Q5V3,W28,7/3/15 11:15,0.38,0.45,0.70,20.6,19.2,76.8,6.65,,Y,T,R,N,U,N,White,7/3/15 11:22,0.36,0.42,0.38,19.8,76.9,6.66,,54,0.6,7/3/15 11:27,0.36,0.41,0.95,20.0,76.5,6.66,,7/3/15 15:20,7/3/15,4:05,0.16,0.23,0.99,19.8,20.0,77.5,6.65,,7/3/15 15:43,7/3/15,4:28:00,0.18,0.26,0.68,21.3,19.7,76.8,6.66,,N,N,Y,50%,P,R,N,U,N,White,I,N
41,7/6/15,B,Q5V3,W27,7/6/15 9:40,0.75,0.79,0.49,21.6,20.7,85.3,6.60,,Y,T,R,N,C,Y,Y,7/6/15 9:48,0.77,0.79,0.23,19.6,94.1,6.79,,110,2.0,7/6/15 9:59,0.78,0.79,0.23,19.9,84.5,6.71,,7/6/15 13:38,7/6/15,3:58,0.74,0.77,0.01,20.9,19.3,80.3,6.80,,7/7/15 7:45,7/7/15,22:05:00,0.57,0.62,0.01,15.8,16.1,84.9,7.05,,N,N,Y,10%,P,R,N,C,Y,Y,I,N
42,7/6/15,B,Q5V3,W27,7/6/15 10:20,0.78,0.83,0.10,24.6,20.9,82.0,6.59,,Y,T,R,N,D,Y,Y,7/6/15 10:30,0.83,0.84,0.02,20.2,94.6,6.60,,5,0.1,7/6/15 10:40,0.76,0.81,0.90,20.7,85.9,6.65,,7/6/15 14:05,7/6/15,3:45,0.45,0.49,0.07,17.9,18.4,91.0,7.06,,7/7/15 8:10,7/7/15,21:50:00,0.29,0.40,0.01,19.2,16.3,86.3,7.19,,N,N,Y,10%,P,R,N,D,Y,Y,I,N
43,7/6/15,B,Q5V3,W27,7/6/15 10:50,0.76,0.83,0.41,22.9,22.0,80.8,6.64,,Y,T,R,Y,U,Y,Y,7/6/15 10:59,0.75,0.81,0.01,21.0,89.1,6.60,,150,2.0,7/6/15 11:10,0.77,0.81,0.01,21.8,83.6,6.57,,7/6/15 14:18,7/6/15,3:28,0.75,0.81,0.28,22.0,19.6,82.8,6.69,,7/7/15 8:25,7/7/15,21:35:00,0.42,0.46,1.42,17.5,16.2,83.0,7.32,,N,N,Y,2%,R,N,Y,C,Y,Y,I,N
44,7/6/15,B,Q5V3,W27,7/6/15 10:50,0.74,0.85,0.03,23.1,21.7,83.9,6.77,,Y,T,R,N,U,Y,Y,7/6/15 11:40,0.74,0.93,0.01,22.6,82.4,6.77,,50,0.8,7/6/15 11:50,0.76,0.80,0.01,21.5,86.9,6.89,,7/6/15 13:48,7/6/15,2:58,0.64,0.78,0.02,18.7,20.1,87.4,6.86,,7/7/15 7:56,7/7/15,21:06:00,0.63,0.67,0.01,15.8,15.7,85.6,7.14,,N,N,Y,65%,R,N,Y,C,Y,Y,I,N
45,7/6/15,B,Q5V3,W27,7/6/15 9:40,0.70,0.77,0.43,23.1,19.8,126.0,6.68,,Y,T,Collapsible,Y,U,N,White,7/6/15 10:08,0.74,0.77,0.30,19.8,90.0,6.67,,88,1.0,7/6/15 10:17,0.72,0.81,0.11,20.3,,6.55,,7/6/15 13:56,7/6/15,4:16,0.71,0.77,0.12,19.6,19.2,91.2,6.72,,,7/7/15,,,,,,,,,,,,,,,,,,,,,
46,7/6/15,B,Q5V3,W27,7/6/15 10:27,0.80,0.86,0.24,20.9,21.6,84.6,6.55,,Y,T,R,N,D,N,White,7/6/15 10:45,0.79,0.81,0.37,20.3,89.8,6.62,,75,1.0,7/6/15 10:50,0.69,0.79,0.31,21.3,84.6,6.58,,7/6/15 13:40,7/6/15,3:13,0.60,0.65,0.07,22.2,20.1,90.5,6.63,,7/7/15 7:42,7/7/15,21:15:00,0.21,0.30,0.63,14.6,14.9,96.4,7.48,,N,N,Y,10%,P,Collapsible,N,D,N,White,I,N
47,7/6/15,B,Q5V3,W27,7/6/15 11:00,0.79,0.85,0.02,21.7,21.2,91.7,6.50,,Y,T,R,N,U,Y,Y,7/6/15 11:08,0.67,0.84,0.04,21.6,85.0,6.50,,45,0.5,7/6/15 11:20,0.71,0.83,0.11,22.0,90.7,6.66,,7/6/15 14:17,7/6/15,3:17,0.75,0.79,0.07,20.2,20.8,84.7,6.64,,7/7/15 8:04,7/7/15,21:04:00,0.53,0.58,0.06,15.3,16.2,96.3,7.10,,N,N,Y,20%,P,R,N,U,Y,Y,I,N
48,7/6/15,B,Q5V3,W27,7/6/15 11:35,0.87,0.89,0.39,24.6,22.4,80.2,6.51,,Y,T,R,N,U,Y,Y,7/6/15 11:40,0.82,0.90,0.04,21.3,85.3,6.59,,48,1.0,7/6/15 11:51,0.81,0.85,0.01,21.6,84.0,6.59,,7/6/15 14:06,7/6/15,2:31,0.69,0.72,0.56,21.1,22.6,90.2,6.78,,7/7/15 11:05,7/7/15,23:30:00,0.23,0.28,0.62,19.8,18.5,78.6,6.76,,N,N,Y,10%,P,R,N,U,Y,Y,I,N
49,7/7/15,B,Q6V4,W23,7/7/15 9:00,0.86,0.91,0.17,19.3,18.8,86.2,6.68,,Y,T,R,N,U,Y,Y,7/7/15 9:15,0.91,0.92,0.01,18.8,83.7,6.36,,35,0.3,7/7/15 9:22,0.85,0.90,0.06,19.9,84.8,6.41,,7/7/15 14:25,7/7/15,5:25,0.77,0.84,0.01,21.4,19.5,86.2,6.76,,7/8/15 8:07,7/8/15,23:07:00,0.71,0.79,0.33,18.4,17.3,99.9,7.08,695,N,N,Y,60%,P,R,N,U,Y,Y,I,N
50,7/7/15,B,Q6V4,W23,7/7/15 9:29,0.87,0.89,0.01,20.4,19.7,84.4,6.50,,Y,T,Oil container,N ,C,Y,White,7/7/15 9:38,0.80,0.85,0.14,19.2,85.7,6.44,,20,0.1,7/7/15 9:44,0.75,0.79,1.07,18.9,79.1,6.48,,,7/7/15,,,,,,,,,,,7/8/15,,,,,,,,,,N,Y,Y,1%,P,Oil Container,N,C,Y,White,I,N
51,7/7/15,B,Q6V4,W23,7/7/15 9:53,0.84,0.92,0.48,19.2,19.8,84.7,6.47,,Y,T,Collapsible,N,D,N,White,7/7/15 10:05,0.85,0.90,0.62,19.6,85.0,,,30,0.3,7/7/15 10:14,0.81,0.83,0.53,20.4,79.0,6.46,,7/7/15 13:52,7/7/15,3:59,0.49,0.56,0.09,20.3,20.1,87.4,6.77,,7/8/15 7:56,7/8/15,22:03:00,0.16,0.21,0.63,15.6,16.7,104.5,7.30,577,N,N,Y,60%,P,Collapsible,N,D,N,White,I,N
52,7/7/15,B,Q6V4,W23,7/7/15 10:18,0.87,0.92,0.55,19.4,20.3,83.7,6.43,,Y,T,R,N,U,Y,Y,7/7/15 10:28,0.88,0.90,0.21,19.1,85.3,6.50,,35,0.5,7/7/15 10:38,0.86,0.91,0.01,21.0,87.6,6.52,,7/7/15 13:41,7/7/15,3:23,0.85,0.91,0.01,19.9,19.2,87.8,6.63,,7/8/15 7:41,7/8/15,21:23:00,0.62,0.69,0.22,16.1,15.5,96.5,7.50,642,N,N,Y,10%,P,R,N,U,Y,Y,I,N
53,7/7/15,B,Q6V4,W23,7/7/15 9:00,0.81,0.85,0.21,19.7,18.8,89.9,6.72,,Y,T,R,N,C,Y,Y,7/7/15 9:10,0.82,0.89,0.01,18.7,82.1,6.58,,47,0.6,7/7/15 9:14,0.77,0.84,0.01,18.8,85.0,6.66,,7/7/15 13:44,7/7/15,4:44,0.74,0.77,0.01,18.5,19.1,159.1,6.79,,7/8/15 8:22,7/8/15,23:22:00,0.58,0.65,0.63,20.0,17.7,87.0,7.13,692,N,N,Y,50%,P,R,N,C,Y,Y,I,N
54,7/7/15,B,Q6V4,W23,7/7/15 9:21,0.90,0.93,0.02,18.7,18.9,83.2,6.60,,Y,T,R,N,U,Y,Y,7/7/15 9:34,0.88,0.92,0.10,19.0,80.6,6.60,,74,1.0,7/7/15 9:42,0.86,0.91,0.50,20.2,85.9,6.60,,7/7/15 14:12,7/7/15,4:51,0.82,0.85,0.01,20.5,19.6,88.4,6.70,,7/8/15 8:31,7/8/15,23:10:00,0.65,0.72,0.22,19.5,17.5,227.0,6.28,290,N,N,Y,,P,R,N,U,Y,Y,I,N
55,7/7/15,B,Q6V4,W23,7/7/15 9:59,0.92,0.95,0.02,19.1,20.3,81.6,6.67,,Y,T,R,N,D,Y,Y,7/7/15 10:10,0.83,0.85,0.27,19.4,78.3,6.65,,30,0.3,7/7/15 10:20,0.82,0.87,0.21,20.6,83.5,6.65,,7/7/15 14:26,7/7/15,4:27,0.79,0.90,0.54,20.0,19.1,84.6,6.74,,7/8/15 8:10,7/8/15,22:11:00,0.66,0.75,0.30,18.5,16.8,94.3,7.21,687,N,N,Y,40%,P,R,N,U,Y,Y,I,N
56,7/7/15,B,Q6V4,W23,7/7/15 10:30,0.95,0.99,0.31,18.4,20.1,80.9,6.63,,Y,T,R,N,U,Y,Y,7/7/15 10:35,0.92,0.94,0.12,19.9,81.3,6.68,,10,0.0,7/7/15 10:40,0.87,0.97,0.33,19.8,83.2,6.77,,7/7/15 14:03,7/7/15,3:33,0.88,0.89,0.06,20.0,19.9,114.8,6.73,,7/8/15 7:50,7/8/15,21:20:00,0.55,0.64,0.46,17.5,16.8,113.1,7.31,649,N,N,Y,5%,P,R,N,U,Y,Y,I,N
57,7/8/15,B,Q6V3,W22,7/8/15 8:44,0.60,0.65,0.04,16.8,17.8,111.9,6.87,712,Y,T,R,N,D,Y,Y,7/8/15 8:50,0.59,0.58,0.01,17.8,302.0,6.93,698,81,1.2,7/8/15 9:02,0.52,0.57,0.01,17.7,108.5,7.00,705,7/8/15 14:36,7/8/15,5:52,0.30,0.37,0.05,22.6,20.6,152.1,7.30,684,7/9/15 8:35,7/9/15,23:51:00,0.14,0.27,0.38,16.3,18.1,92.7,7.35,590,N,N,N,100%,P,R,Y,D,Y,Y,I,N
58,7/8/15,B,Q6V3,W22,7/8/15 9:20,0.62,0.65,0.01,16.8,17.8,183.2,6.75,730,Y,T,R,N,U,Y,Y,7/8/15 9:30,0.61,0.66,0.06,17.3,180.9,6.80,741,21,0.3,7/8/15 9:40,0.60,0.65,0.04,18.1,379.0,6.85,726,7/8/15 14:14,7/8/15,4:54,0.54,0.62,0.04,25.1,18.7,159.5,6.90,731,7/9/15 8:06,7/9/15,22:46:00,0.49,0.53,0.63,16.4,16.0,186.0,7.31,680,N,N,Y,30%,P,R,N,U,Y,Y,I,N
59,7/8/15,B,Q6V3,W22,7/8/15 9:55,0.65,0.70,0.01,17.5,18.1,207.0,6.95,724,Y,T,R,Y,C,N,White,7/8/15 10:05,0.61,0.65,0.01,18.2,251.0,7.01,720,70,1.0,7/8/15 10:15,0.58,0.61,0.41,18.2,238.0,7.00,720,7/8/15 14:20,7/8/15,4:25,0.46,0.51,0.04,22.5,19.0,267.0,7.03,709,7/9/15 8:16,7/9/15,22:21:00,0.20,0.39,0.68,16.6,16.8,362.0,7.16,638,N,N,Y,50%,P,Oil Container,Y,C,Y,White,I,N
60,7/8/15,B,Q6V3,W22,7/8/15 10:30,0.70,0.74,0.08,18.9,18.6,182.5,6.82,752,Y,T,R,Y,C,N,White,7/8/15 10:35,0.73,0.75,0.30,18.5,143.1,6.65,763,5,0.0,7/8/15 10:42,0.73,0.76,0.31,18.4,143.1,6.79,773,7/8/15 13:55,7/8/15,3:25,0.67,0.68,0.54,19.0,18.8,88.7,6.96,695,7/9/15 7:53,7/9/15,21:23:00,0.22,0.26,0.57,17.2,16.4,521.0,7.15,582,N,N,Y,70%,P,R,Y,C,Y,White,I,N
61,7/8/15,B,Q6V3,W22,7/8/15 8:46,0.52,0.63,0.25,16.2,17.8,93.5,6.85,702,Y,T,R,Y,C,Y,Y,7/8/15 8:53,0.58,0.61,0.08,17.8,90.1,6.79,724,25,0.2,7/8/15 9:03,0.65,0.66,0.01,17.8,91.7,6.89,729,7/8/15 14:27,7/8/15,5:41,0.46,0.55,2.07,26.7,21.1,91.2,6.69,729,7/9/15 8:06,7/9/15,23:20:00,0.42,0.49,0.69,16.0,17.7,89.4,7.03,702,N,N,Y,80%,P,R,Y,C,Y,Y,I,N
62,7/8/15,B,Q6V3,W22,7/8/15 9:12,0.62,0.67,0.14,15.5,17.7,103.8,6.90,712,Y,T,R,N,U,Y,Y,7/8/15 9:21,0.71,0.72,0.07,17.9,86.4,6.60,761,82,1.0,7/8/15 9:31,0.65,0.69,0.25,18.3,91.1,6.77,746,7/8/15 14:07,7/8/15,4:55,0.59,0.60,0.01,22.8,22.6,97.9,7.19,678,,7/9/15,,,,,,,,,,,,,,,,,,,,,
63,7/8/15,B,Q6V3,W22,7/8/15 9:45,0.66,0.69,0.04,17.2,18.2,91.1,7.08,727,Y,T,R,N,U,Y,Y,7/8/15 9:55,0.66,0.69,0.01,18.7,92.4,6.79,739,30,0.3,7/8/15 10:04,0.69,0.70,0.01,18.6,91.0,6.89,728,7/8/15 14:39,7/8/15,4:54,0.52,0.61,0.28,22.7,19.5,86.3,6.92,727,7/9/15 8:16,7/9/15,22:31:00,0.48,0.52,0.47,15.2,16.1,113.9,7.08,705,N,N,Y,80%,P,R,Y,U,Y,Y,I,N
64,7/8/15,B,Q6V3,W22,7/8/15 10:13,0.69,0.70,0.11,17.2,18.6,197.7,6.92,738,Y,T,Oil container,N,U,Y,Y,7/8/15 10:19,0.66,0.66,0.07,18.3,87.9,6.80,736,63,1.0,7/8/15 10:39,0.41,0.61,0.06,19.0,88.7,6.88,721,7/8/15 16:17,7/8/15,6:04,0.60,0.61,0.29,28.6,20.1,88.4,6.99,710,7/9/15 7:50,7/9/15,21:37:00,0.32,0.36,0.05,16.3,16.5,89.5,7.19,646,N,N,Y,50%,P,Oil Container,N,U,Y,Y,I,N
65,7/9/15,B,Q6V1,W21,7/9/15 9:07,0.60,0.60,0.59,25.0,17.6,266.0,7.00,747,Y,T,R,N,C,Y,Y,7/9/15 9:16,0.54,0.57,0.14,17.6,83.0,6.85,740,50,0.8,7/9/15 9:20,0.58,0.66,0.85,17.9,82.0,6.82,752,7/9/15 14:04,7/9/15,4:57,0.48,0.51,0.78,21.6,19.1,81.2,6.87,720,7/10/15 7:50,7/10/15,22:43:00,0.33,0.36,0.73,15.3,16.6,81.9,7.10,679,Y,N,Y,15%,P,Oil Container,N,U,Y,Y,I,N
66,7/9/15,B,Q6V1,W21,7/9/15 9:28,0.56,0.58,0.37,15.3,17.2,83.9,6.91,747,Y,T,R,Y,U,Y,Y,7/9/15 9:36,0.55,0.59,1.12,17.6,81.9,6.70,752,250,3.0,7/9/15 9:50,0.52,0.60,0.82,18.2,122.7,6.87,740,7/9/15 14:25,7/9/15,4:57,0.32,0.38,0.77,20.2,19.4,78.6,6.90,705,7/10/15 8:20,7/10/15,22:52:00,0.10,0.22,0.60,17.8,18.3,84.0,6.84,516,Y,N,Y,19%,P,Oil Container,Y,C,Y,Y,I,N
67,7/9/15,B,Q6V1,W21,7/9/15 10:10,0.59,0.64,0.07,21.0,19.5,82.2,6.68,756,Y,T,R,N,U,Y,Y,7/9/15 10:20,0.54,0.62,0.42,19.9,82.2,6.66,735,52,0.6,7/9/15 10:40,0.54,0.61,0.66,19.8,79.0,7.05,731,7/9/15 14:25,7/9/15,4:15,0.45,0.55,1.77,23.8,20.2,80.4,6.80,703,7/10/15 7:45,7/10/15,21:35:00,0.41,0.45,0.70,16.6,17.5,133.5,7.26,693,N,N,Y,30%,P,R,N,U,Y,Y,I,N
68,7/9/15,B,Q6V1,W21,7/9/15 10:50,0.67,0.68,0.42,19.7,19.9,80.6,6.81,739,Y,T,Collapsible,Y,D,N,White,7/9/15 10:39,0.45,0.48,0.33,21.2,82.4,6.93,721,94,1.0,7/9/15 11:09,0.38,0.41,0.61,20.8,79.9,6.72,718,7/9/15 14:12,7/9/15,3:22,0.14,0.19,0.44,19.3,22.5,81.5,6.87,615,7/10/15 8:00,7/10/15,21:10:00,0.05,0.12,0.48,17.2,16.2,84.0,7.10,459,N,N,Y,10%,P,Collapsible,Y,D,N,White,I,N
69,7/9/15,B,Q6V1,W21,7/9/15 9:08,0.56,0.59,0.59,19.1,17.7,89.3,6.67,734,Y,T,R,N,D,Y,Y,7/9/15 9:20,0.55,0.58,1.06,17.5,59.0,6.62,759,60,1.0,7/9/15 9:35,0.48,0.53,1.04,17.2,128.6,6.70,723,,7/9/15,,,,,,,,,,7/10/15 8:09,7/10/15,23:01:00,0.21,0.27,0.74,15.6,16.4,70.5,6.86,707,N,N,N,100%,P,R,N,D,Y,Y,I,N
70,7/9/15,B,Q6V1,W21,7/9/15 9:46,0.57,0.61,0.01,18.1,18.6,127.7,6.75,741,Y,T,R,N,C,Y,Y,7/9/15 9:54,0.56,0.59,0.01,18.7,133.8,6.63,755,55,1.0,7/9/15 10:00,0.55,0.60,0.40,20.0,151.9,6.78,739,7/9/15 14:20,7/9/15,4:34,0.46,0.56,0.01,24.8,24.2,213.0,6.82,710,7/10/15 7:48,7/10/15,22:02:00,0.32,0.40,0.41,15.5,17.7,73.6,6.82,687,N,N,Y,70%,P,R,N,U,Y,Y,I,N
71,7/9/15,B,Q6V1,W21,7/9/15 10:07,0.58,0.60,0.01,22.2,19.0,88.3,6.59,736,Y,T,R,N,U,Y,Y,7/9/15 10:13,0.57,0.57,0.01,19.2,125.4,6.70,751,50,0.8,7/9/15 10:25,0.55,0.58,0.01,20.0,94.5,6.84,732,7/9/15 14:40,7/9/15,4:33,0.08,0.20,0.61,16.2,16.3,84.1,7.23,510,7/10/15 8:27,7/10/15,22:20:00,0.08,0.20,0.61,16.2,16.3,84.1,7.23,510,Y,N,Y,3%,P,R,N,U,Y,White,I,N
72,7/9/15,B,Q6V1,W21,7/9/15 10:41,0.64,0.65,0.01,20.8,19.7,136.6,6.68,746,Y,T,R,N,D,Y,Y,7/9/15 10:50,0.55,0.67,0.23,19.4,170.4,6.54,772,50,1.0,7/9/15 10:55,0.66,0.72,0.01,19.9,156.9,6.68,746,7/9/15 14:29,7/9/15,3:48,0.59,0.61,0.01,23.0,19.6,80.0,6.96,727,7/10/15 8:17,7/10/15,21:36:00,0.12,0.19,0.47,16.1,16.9,81.3,7.15,566,Y,N,Y,25%,P,R,Y,U,Y,White,I,N
73,7/10/15,A,Q7V3,W13,7/10/15 9:22,0.78,0.83,0.28,21.8,20.2,96.1,6.06,733,Y,T,Collapsible,N,U,N,White,7/10/15 9:34,0.80,0.84,0.27,21.3,111.0,6.19,735,75,0.5,7/10/15 9:40,0.70,0.78,0.80,20.4,89.4,6.91,744,7/10/15 13:48,7/10/15,4:26,0.05,0.09,2.29,23.6,21.1,120.3,6.74,340,7/10/15 15:00,7/10/15,5:38:00,0.09,0.09,2.29,23.6,21.1,120.3,6.74,340,Y,N,Y,1%,P,Oil Container,N,U,Y,Y,I,N
74,7/10/15,A,Q7V3,W13,7/10/15 9:22,0.73,0.80,0.22,28.0,20.7,103.0,6.84,749,Y,T,R,N,U,Y,Y,7/10/15 10:07,0.76,0.83,0.21,20.8,83.0,6.89,750,16,0.2,7/10/15 10:13,0.71,0.80,0.52,20.9,91.9,6.90,742,7/10/15 14:19,7/10/15,4:57,0.64,0.72,0.63,22.0,23.9,91.4,6.93,754,7/10/15 14:37,7/10/15,5:15:00,0.65,0.69,0.02,22.1,23.5,117.8,6.87,746,N,N,Y,70%,P,R,N,U,Y,Y,I,N
75,7/10/15,A,Q7V3,W13,7/10/15 10:26,0.76,0.78,0.01,21.5,20.3,99.4,6.73,762,Y,T,Collapsible,N,U,N,White,7/10/15 10:43,0.66,0.73,0.01,21.0,82.2,6.82,757,20,0.3,7/10/15 10:48,0.47,0.66,0.27,21.9,83.6,6.79,740,7/10/15 14:13,7/10/15,3:47,0.52,0.55,0.01,24.6,20.5,106.6,6.84,736,7/10/15 14:42,7/10/15,4:16:00,0.46,0.53,0.36,21.1,19.3,83.1,6.91,742,N,N,Y,90%,P,Collapsible,N,U,N,White,I,N
76,7/10/15,A,Q7V3,W13,7/10/15 10:52,0.72,0.77,0.01,21.4,20.4,81.9,6.67,769,Y,T,R,N,U,Y,Y,7/10/15 10:58,0.80,0.83,0.01,20.1,79.7,6.73,758,74,0.8,7/10/15 11:04,0.66,0.80,0.12,22.9,82.8,6.93,759,7/10/15 14:00,7/10/15,3:08,0.70,0.72,0.27,24.7,27.7,186.4,6.93,737,7/10/15 14:45,7/10/15,3:53:00,0.22,0.27,0.13,24.7,25.6,122.8,6.86,738,N,N,Y,20%,P,R,N,U,Y,Y,I,N
77,7/10/15,A,Q7V3,W13,7/10/15 9:22,0.76,0.80,0.42,22.4,20.7,97.6,6.63,727,Y,T,R,N,D,Y,Y,7/10/15 9:29,0.80,0.85,0.68,20.7,123.4,6.77,736,25,0.0,7/10/15 9:35,0.74,0.79,0.43,20.4,97.8,6.81,736,7/10/15 14:00,7/10/15,4:38,0.56,0.60,1.35,19.6,20.3,114.9,6.94,740,7/10/15 14:26,7/10/15,5:04:00,0.55,0.56,0.44,20.6,20.5,94.5,7.11,730,N,N,Y,5%,P,R,N,U,Y,Y,I,N
78,7/10/15,A,Q7V3,W13,7/10/15 9:50,0.85,0.88,0.48,19.8,20.6,99.6,6.75,751,Y,T,R,Y,U,Y,Y,7/10/15 10:07,0.72,0.75,0.19,20.2,95.8,6.84,745,70,1.0,7/10/15 10:29,0.76,0.81,0.60,21.2,96.2,6.84,740,7/10/15 14:13,7/10/15,4:23,0.66,0.72,0.48,20.2,19.5,95.3,6.72,768,7/10/15 14:30,7/10/15,4:40:00,0.60,0.62,0.36,19.1,20.3,94.8,6.83,751,Y,N,Y,72%,P,R,N,U,Y,Y,I,N
79,7/10/15,A,Q7V3,W13,7/10/15 10:15,0.84,0.88,0.39,20.6,20.1,93.2,6.76,761,Y,T,R,N,U,Y,Y,7/10/15 10:24,0.78,0.83,0.01,20.1,90.4,6.71,760,70,1.0,7/10/15 10:40,0.78,0.86,0.02,29.0,94.7,6.77,770,7/10/15 14:17,7/10/15,4:02,0.67,0.72,0.04,19.3,19.7,100.4,7.07,735,7/10/15 14:45,7/10/15,4:30:00,0.60,0.63,5.03,19.1,20.0,91.1,7.03,702,Y,N,Y,2%,P,R,N,U,Y,Y,I,N
80,7/10/15,A,Q7V3,W13,7/10/15 10:49,0.80,0.84,0.01,20.3,20.9,98.0,6.58,767,Y,T,R,Y,U,Y,Y,7/10/15 10:58,0.73,0.85,0.70,20.4,97.3,6.71,757,35,1.0,7/10/15 11:15,0.77,0.79,0.01,21.7,111.6,6.71,763,7/10/15 14:24,7/10/15,3:35,0.63,0.64,0.44,21.0,20.0,26.5,6.92,410,7/10/15 15:00,7/10/15,4:11:00,0.59,0.61,0.24,21.7,20.7,92.2,6.78,720,N,N,Y,85%,P,R,Y,U,Y,Y,I,N
81,7/12/15,A,Q7V5,W4,7/12/15 8:39,0.78,0.89,0.81,20.2,20.1,91.6,6.46,750,Y,T,R,N,C,Y,Y,7/12/15 9:00,0.81,0.88,0.44,19.5,76.9,6.58,766,26,0.4,7/12/15 9:08,0.79,0.84,0.30,21.4,110.6,6.55,752,7/12/15 14:14,7/12/15,5:35,0.64,0.65,0.74,19.0,19.7,140.6,6.72,750,7/13/15 8:00,7/13/15,23:21:00,0.16,0.19,0.90,19.4,18.4,134.8,7.19,603,Y,N,Y,1%,P,Jug,Y,U,Y,Red,I,N
82,7/12/15,A,Q7V5,W5,7/12/15 9:15,0.65,0.72,0.23,20.1,19.9,107.3,6.41,754,Y,T,R,N,U,Y,Y,7/12/15 9:20,0.80,0.82,0.30,19.9,337.0,6.51,755,46,0.7,7/12/15 9:27,0.74,0.76,0.22,21.6,87.8,6.65,754,7/12/15 14:22,7/12/15,5:07,0.53,0.55,0.74,21.4,21.6,111.5,6.98,711,7/13/15 7:40,7/13/15,22:25:00,0.22,0.28,0.85,15.6,16.4,103.1,6.91,696,Y,N,Y,5%,P,Oil Container,N,U,Y,White,I,N
83,7/12/15,A,Q7V5,W5,7/12/15 9:15,0.68,0.74,0.19,20.7,20.1,105.9,6.42,754,Y,T,R,N,U,Y,Y,7/12/15 9:45,0.70,0.72,0.68,21.6,74.6,6.38,754,62,1.0,7/12/15 9:50,0.65,0.69,0.57,20.3,83.7,6.67,750,7/12/15 14:45,7/12/15,5:30,0.24,0.31,0.62,19.5,19.7,179.9,6.84,592,,7/13/15,,,,,,,,,,Y,Y,Y,1%,P,Cup,Y,U,Y,White,I,N
84,7/12/15,A,Q7V5,W5,7/12/15 9:55,0.69,0.71,0.01,20.5,20.4,110.6,6.47,740,Y,T,R,N,U,Y,Y,7/12/15 10:10,0.66,0.68,0.08,22.4,78.8,6.64,741,5,0.0,7/12/15 10:19,0.60,0.64,0.44,22.2,102.2,6.63,749,7/12/15 13:50,7/12/15,3:55,0.52,0.56,0.70,21.9,19.6,97.4,6.78,667,,7/13/15,,,,,,,,,,,,,,,,,,,,,
85,7/12/15,A,Q7V5,W4,7/12/15 8:40,0.75,0.82,0.30,17.4,18.0,74.9,6.77,691,Y,T,R,N,U,Y,Y,7/12/15 8:55,0.77,0.82,1.00,18.5,69.8,6.51,762,35,1.0,7/12/15 10:05,0.75,0.82,0.69,19.1,79.7,6.54,764,7/12/15 13:49,7/12/15,5:09,0.70,0.71,0.15,20.0,18.6,74.3,6.55,755,7/13/15 7:50,7/13/15,23:10:00,0.52,0.53,0.45,18.3,16.8,91.4,6.95,711,N,N,Y,68%,P,R,N,U,Y,Y,I,N
86,7/12/15,A,Q7V5,W4,7/12/15 9:03,0.80,0.84,0.72,16.8,18.4,76.0,6.43,772,Y,T,R,N,U,Y,Y,7/12/15 9:12,0.83,0.85,0.52,18.3,73.4,6.61,760,52,1.0,7/12/15 9:25,0.84,0.85,0.17,18.6,103.5,6.62,746,7/12/15 14:02,7/12/15,4:59,0.75,0.76,0.63,19.8,18.9,77.6,6.80,738,7/13/15 7:57,7/13/15,22:54:00,0.55,0.64,0.65,19.0,16.0,72.8,7.47,689,N,N,Y,2%,P,R,N,U,Y,Y,I,N
87,7/12/15,A,Q7V5,W5,7/12/15 9:43,0.69,0.71,0.87,20.1,20.6,77.6,6.50,714,Y,T,Oil container,N,U,Y,White,7/12/15 9:53,0.65,0.68,0.04,19.5,88.0,6.47,746,5,0.5,7/12/15 10:03,0.64,0.67,0.04,20.1,89.1,6.41,738,7/12/15 14:10,7/12/15,4:27,0.47,0.49,0.74,20.1,19.9,91.2,6.66,718,7/13/15 7:43,7/13/15,22:00:00,0.25,0.28,0.37,17.7,16.4,74.1,6.74,683,N,N,Y,50%,P,Oil Container,N,U,Y,White,I,N
88,7/12/15,A,Q7V5,W5,7/12/15 10:15,0.54,0.56,0.49,17.4,19.6,69.7,6.46,740,Y,T,Oil container,N,U,Y,White,7/12/15 10:17,0.49,0.51,0.10,20.6,68.5,6.53,727,30,0.5,7/12/15 10:20,0.47,0.49,0.23,21.4,69.7,6.50,736,,7/12/15,,,,,,,,,,,7/13/15,,,,,,,,,,,,,,,,,,,,,
89,7/13/15,A,Q7V4,W7,7/13/15 8:52,0.41,0.44,0.82,19.8,18.9,85.2,6.96,693,Y,T,R,N,D,Y,Y,7/13/15 9:14,0.42,0.52,0.60,18.1,85.2,6.89,740,25,0.4,7/13/15 9:19,0.42,0.49,0.78,20.9,105.3,7.10,702,7/13/15 13:43,7/13/15,4:51,0.32,0.33,0.13,22.1,21.6,187.2,7.01,665,7/14/15 7:39,7/14/15,22:47:00,0.05,0.21,0.91,14.7,16.4,125.7,7.06,301,Y,N,Y,1%,P,Oil Container,Y,U,Y,White,I,N
90,7/13/15,A,Q7V4,W7,7/13/15 9:25,0.48,0.54,0.69,18.5,18.3,100.5,6.90,730,Y,T,R,N,U,Y,Y,7/13/15 9:30,0.49,0.58,0.46,18.5,89.8,6.99,736,48,0.8,7/13/15 9:34,0.41,0.46,0.24,20.1,93.0,6.73,,7/13/15 14:22,7/13/15,4:57,0.45,0.47,0.01,22.9,20.0,94.8,7.03,714,7/14/15 8:09,7/14/15,22:44:00,0.25,0.31,1.56,18.0,16.2,97.7,7.43,666,N,N,Y,5%,P,R,N,U,Y,Y,I,N
91,7/13/15,A,Q7V4,W7,7/13/15 9:39,0.52,0.55,0.84,19.0,18.0,76.8,6.72,735,Y,T,R,N,D,Y,Y,7/13/15 9:47,0.44,0.48,0.26,18.2,83.6,7.14,712,15,0.3,7/13/15 9:55,0.40,0.45,0.13,18.2,83.6,7.14,712,7/13/15 14:05,7/13/15,4:26,0.31,0.32,3.00,22.0,23.0,208.0,7.02,670,7/14/15 7:51,7/14/15,22:12:00,0.27,0.28,0.35,16.4,16.6,103.2,7.22,617,N,N,Y,70%,P,R,N,U,Y,Y,I,N
92,7/13/15,A,Q7V4,W7,7/13/15 10:06,0.40,0.45,0.41,20.0,18.3,77.5,6.66,761,Y,T,R,N,U,Y,Y,7/13/15 10:15,0.40,0.47,0.73,18.5,236.0,6.81,743,27,0.5,7/13/15 10:28,0.43,0.49,0.59,19.6,207.0,6.79,739,7/13/15 14:10,7/13/15,4:04,0.38,0.40,2.16,24.6,24.1,145.1,6.99,694,,7/14/15,,,,,,,,,,,,,,,,,,,,,
93,7/13/15,A,Q7V4,W7,7/13/15 14:45,0.46,0.47,0.37,23.8,20.7,81.9,6.74,731,Y,T,R,N,D,Y,Y,7/13/15 14:50,0.41,0.45,0.46,18.3,227.0,6.76,702,30,0.5,7/13/15 14:54,0.38,0.45,0.40,20.3,139.0,7.00,734,,7/13/15,,,,,,,,,,7/14/15 8:15,7/14/15,17:30:00,0.32,0.34,0.15,18.9,16.6,85.4,7.14,604,N,N,Y,80%,P,R,N,D,Y,Y,I,N
94,7/13/15,A,Q7V4,W7,7/13/15 15:09,0.43,0.49,0.01,21.9,20.1,196.8,6.82,737,Y,T,R,N,U,Y,Y,7/13/15 15:14,0.43,0.50,0.32,20.2,143.1,6.84,746,35,0.5,7/13/15 15:25,0.41,0.49,0.46,20.9,136.9,6.82,327,,7/13/15,,,,,,,,,,,7/14/15,,,,,,,,,,,,,,,,,,,,,
95,7/13/15,A,Q7V4,W7,7/13/15 8:55,0.43,0.48,,20.9,19.2,86.4,6.81,683,Y,T,Collapsible,N,U,N,White,7/13/15 9:02,0.41,0.46,0.30,18.8,68.7,6.91,729,68,2.0,7/13/15 9:06,0.39,0.42,0.21,20.1,70.5,6.82,678,7/13/15 13:45,7/13/15,4:50,0.31,0.34,1.00,20.0,19.4,73.7,6.88,609,7/14/15 8:15,7/14/15,23:20:00,0.02,0.11,0.51,17.6,18.0,71.6,7.10,420,N,N,Y,48%,P,Collapsible,N,U,N,White,I,N
96,7/13/15,A,Q7V4,W7,7/13/15 9:15,0.54,0.58,0.16,20.4,19.7,77.2,6.94,701,Y,T,R,Y,U,Y,Y,7/13/15 9:27,0.44,0.46,0.34,19.1,88.3,6.65,727,10,0.3,7/13/15 9:30,0.39,0.38,0.36,99.6,76.1,6.72,716,7/13/15 14:16,7/13/15,5:01,0.35,0.37,0.75,20.5,22.5,76.0,6.45,737,7/14/15 7:52,7/14/15,22:37:00,0.31,0.36,0.52,19.6,18.8,78.5,7.23,653,N,N,Y,90%,P,R,Y,U,Y,Y,I,N
97,7/13/15,A,Q7V4,W7,7/13/15 9:40,0.48,0.46,0.01,21.3,19.5,94.3,6.89,721,Y,T,R,N,U,Y,Y,7/13/15 9:48,0.50,0.52,0.07,19.1,72.5,6.86,734,40,1.0,7/13/15 10:00,0.49,0.51,0.18,19.1,91.6,6.87,714,7/13/15 13:50,7/13/15,4:10,0.41,0.42,1.30,19.7,19.1,77.0,7.01,674,7/14/15 8:00,7/14/15,22:20:00,0.27,0.29,0.52,15.9,16.8,84.9,7.39,647,N,N,Y,25%,P,R,N,U,Y,Y,I,N
98,7/13/15,A,Q7V4,W7,7/13/15 10:10,0.45,0.47,0.18,21.3,20.6,255.0,6.67,698,Y,T,R,N,U,Y,Y,7/13/15 10:14,0.51,0.53,0.01,19.6,83.8,6.95,737,40,1.0,7/13/15 10:26,0.48,0.51,0.13,20.8,68.3,7.04,399,7/13/15 14:04,7/13/15,3:54,0.45,0.50,0.67,19.7,20.0,72.2,6.85,721,7/14/15 7:44,7/14/15,21:34:00,0.35,0.29,0.54,15.9,17.1,87.6,7.19,606,N,N,Y,60%,P,R,N,U,Y,Y,I,N
99,7/13/15,A,Q7V4,W7,7/13/15 14:30,0.45,0.49,0.05,20.1,23.1,80.2,6.67,730,Y,T,R,N,U,Y,Y,7/13/15 14:51,0.44,0.47,0.24,21.7,68.0,6.75,739,5,0.2,7/13/15 15:05,0.41,0.42,0.21,21.7,68.5,6.81,734,,7/13/15,,,,,,,,,,7/14/15 8:42,7/14/15,18:12:00,0.33,0.37,0.65,17.8,18.1,71.7,7.11,670,N,N,Y,60%,T,R,N,U,Y,Y,I,N
100,7/13/15,A,Q7V4,W7,7/13/15 14:36,0.48,0.49,0.10,22.6,20.6,67.9,6.95,740,Y,T,R,N,U,Y,Y,7/13/15 14:47,0.45,0.46,0.25,21.3,23.3,6.94,729,20,1.0,7/13/15 15:14,0.64,0.65,0.06,20.6,79.6,6.92,723,,7/13/15,,,,,,,,,,7/14/15 8:20,7/14/15,17:44:00,0.25,0.28,0.95,18.6,16.4,70.6,7.49,551,N,N,Y,5%,P,R,N,U,Y,Y,I,N
101,7/14/15,B,Q2V3,W35,7/14/15 9:42,0.47,0.49,0.78,21.0,20.4,88.1,6.71,706,Y,P,R,N,U,Y,Y,7/14/15 21:55,0.41,0.44,0.56,19.3,77.4,6.80,744,80,1.2,7/14/15 10:02,0.41,0.46,0.15,19.8,114.6,7.11,717,7/14/15 14:23,7/14/15,4:41,0.31,0.44,0.30,22.0,19.8,80.4,7.22,687,7/15/15 8:28,7/15/15,22:46:00,0.06,0.10,0.17,16.4,15.2,83.2,7.57,427,Y,N,Y,6%,P,Oil Container,N,D,Y,Y,I,N
102,7/14/15,B,Q2V3,W35,7/14/15 10:17,0.44,0.50,0.20,25.4,21.1,86.1,7.05,716,Y,P,R,N,U,Y,Y,7/14/15 10:22,0.33,0.45,0.36,19.4,77.7,7.00,735,28,0.5,7/14/15 10:31,0.25,0.38,0.71,19.8,77.0,7.06,703,7/14/15 14:06,7/14/15,3:49,0.26,0.32,0.37,21.3,19.3,99.6,7.11,688,7/15/15 7:48,7/15/15,21:31:00,0.20,0.26,0.89,14.8,16.6,153.7,7.48,306,Y,N,Y,1%,P,R,N,U,Y,Y,I,N
103,7/14/15,B,Q2V3,W35,7/14/15 10:43,0.42,0.48,0.16,18.4,19.7,80.6,6.88,705,Y,P,Oil container,N,U,Y,White,7/14/15 10:55,0.37,0.46,0.42,19.7,83.1,6.93,710,48,0.8,7/14/15 11:03,0.33,0.37,0.30,19.5,85.4,7.02,701,,7/14/15,,,,,,,,,,7/15/15 8:49,7/15/15,22:06:00,0.05,0.14,0.27,15.9,16.4,89.7,7.45,349,N,N,Y,30%,P,Oil Container,N,U,Y,White,I,N
104,7/14/15,B,Q2V3,W35,7/14/15 11:15,0.36,0.48,0.01,19.3,19.5,132.3,6.97,719,Y,P,R,N,U,Y,Y,7/14/15 11:21,0.38,0.52,0.39,19.9,81.0,7.07,720,70,1.1,7/14/15 11:38,0.27,0.38,0.35,21.2,87.7,7.14,702,7/14/15 13:50,7/14/15,2:35,0.24,0.33,0.01,20.9,21.8,87.9,7.20,665,7/15/15 8:16,7/15/15,21:01:00,0.06,0.14,0.26,16.2,17.6,114.0,7.33,321,Y,N,Y,3%,P,Jug,Y,U,N,White,I,N
105,7/14/15,B,Q3V2,W38,7/14/15 15:15,0.65,0.71,0.33,21.7,19.5,77.6,6.60,765,Y,T,R,N,U,Y,Y,7/14/15 15:22,0.58,0.63,0.48,19.2,74.4,6.66,736,5,0.0,7/14/15 15:31,0.58,0.61,0.28,19.1,77.1,6.49,773,,7/14/15,,,,,,,,,,7/15/15 9:19,7/15/15,18:04:00,0.41,0.48,0.27,22.0,18.0,131.6,6.94,715,N,N,Y,80%,P,R,N,U,Y,Y,I,N
106,7/14/15,B,Q2V3,W38,7/14/15 15:15,0.58,0.58,0.29,18.0,19.4,79.2,6.68,774,Y,T,Oil container,N,U,Y,White,7/14/15 15:48,0.53,0.57,0.35,19.1,77.9,6.57,765,20,0.3,7/14/15 15:55,0.55,0.57,0.07,19.0,80.5,6.46,769,,7/14/15,,,,,,,,,,7/15/15 9:06,7/15/15,17:51:00,0.29,0.30,0.17,17.5,17.8,135.2,6.85,687,,,,,,,,,,,,
107,7/14/15,B,Q2V3,W35,7/14/15 9:43,0.46,0.47,0.36,17.5,18.9,83.2,7.11,703,Y,P,R,N,U,Y,Y,7/14/15 9:48,0.41,0.43,0.90,19.7,72.1,7.12,705,55,0.2,7/14/15 10:07,0.41,0.46,0.95,20.8,82.1,6.91,729,7/14/15 13:55,7/14/15,4:12,0.28,0.35,1.28,22.5,21.1,70.1,7.17,404,7/15/15 7:43,7/15/15,22:00:00,0.08,0.20,1.24,14.2,16.7,135.8,7.27,314,Y,N,Y,40%,P,Oil Container,Y,U,Y,White,I,N
108,7/14/15,B,Q2V3,W35,7/14/15 10:15,0.39,0.46,0.95,23.0,20.2,89.6,6.93,713,Y,T,R,N,U,Y,Y,7/14/15 10:20,0.36,0.45,1.28,19.7,70.2,6.99,715,73,1.0,7/14/15 10:26,0.35,0.43,1.11,20.7,84.9,6.90,687,7/14/15 14:07,7/14/15,3:52,0.23,0.28,1.38,22.3,23.9,72.3,7.22,565,7/15/15 7:50,7/15/15,21:35:00,0.04,0.09,0.96,15.9,17.8,78.6,7.59,279,Y,N,Y,18%,P,Oil Container,N,U,Y,White,I,N
109,7/14/15,B,Q2V3,W35,7/14/15 10:45,0.41,0.51,0.21,18.2,20.4,90.6,7.11,716,Y,P,Oil container,N,U,Y,White,7/14/15 10:49,0.40,0.52,0.25,19.9,71.4,7.02,703,30,0.3,7/14/15 10:55,0.37,0.47,0.26,21.6,88.1,6.96,704,7/14/15 14:24,7/14/15,3:39,0.25,0.26,0.97,26.5,23.0,69.2,6.82,608,7/15/15 7:59,7/15/15,21:14:00,0.01,0.01,1.68,13.1,15.9,71.7,7.44,276,N,N,Y,30%,P,Oil Container,N,U,Y,White,I,N
110,7/14/15,B,Q2V3,W35,7/14/15 11:02,0.44,0.46,0.50,17.9,20.0,69.2,6.88,714,Y,P,R,N,U,Y,Y,7/14/15 11:10,0.45,0.45,0.22,20.2,69.2,7.02,697,30,0.3,7/14/15 11:17,0.38,0.40,0.65,21.9,70.5,6.97,716,7/14/15 14:30,7/14/15,3:28,0.35,0.38,0.12,26.3,20.9,68.4,7.05,713,7/15/15 8:10,7/15/15,21:08:00,0.25,0.28,0.50,14.3,16.6,71.0,7.44,297,N,N,Y,90%,P,R,N,U,Y,Y,I,N
111,7/14/15,B,Q3V2,W38,7/14/15 15:16,0.64,0.65,0.61,23.1,20.7,71.2,6.61,745,Y,T,R,N,U,Y,Y,7/14/15 15:21,0.63,0.64,0.59,20.6,69.0,6.68,763,12,0.2,7/14/15 15:22,0.63,0.67,0.21,19.7,68.7,6.56,746,,7/14/15,,,,,,,,,,7/15/15 8:25,7/15/15,17:09:00,0.48,0.51,0.96,20.6,17.0,72.4,7.32,622,N,N,Y,70%,P,R,N,U,Y,Y,I,N
112,7/14/15,B,Q3V2,W38,7/14/15 15:26,0.66,0.69,0.54,21.0,20.2,70.6,6.78,769,Y,T,R,N,U,Y,Y,7/14/15 15:35,0.66,0.67,0.54,21.2,78.5,6.54,753,42,0.8,7/14/15 15:35,0.63,0.65,0.56,19.8,68.9,6.61,763,,7/14/15,,,,,,,,,,7/15/15 8:35,7/15/15,17:09:00,0.28,0.32,0.92,18.8,17.2,77.0,6.96,572,N,N,N,100%,P,R,N,U,Y,Y,I,N
113,7/15/15,B,Q2V4,W33,7/15/15 9:57,0.54,0.57,0.63,20.4,20.2,93.7,6.89,707,Y,T,R,Y,U,Y,Y,7/15/15 10:06,0.56,0.60,1.06,20.4,69.7,6.63,707,200,2.0,7/15/15 10:20,0.55,0.58,0.70,19.9,71.9,6.83,753,7/15/15 14:20,7/15/15,4:23,0.48,0.50,0.15,21.5,20.5,70.3,7.20,707,7/16/15 7:56,7/16/15,21:59:00,0.08,0.12,1.13,15.4,16.5,83.9,6.98,366,Y,N,Y,5%,P,Thermos,Y,U,Y,Green,I,N
114,7/15/15,B,Q2V4,W33,7/15/15 10:32,0.55,0.57,1.26,21.3,20.5,77.4,6.92,736,Y,T,R,N,U,Y,Y,7/15/15 10:36,0.57,0.60,0.38,19.7,73.9,6.92,748,120,2.0,7/15/15 10:42,0.55,0.59,0.63,20.1,94.1,6.97,745,7/15/15 14:30,7/15/15,3:58,0.51,0.53,0.78,21.4,21.5,72.0,7.18,709,7/16/15 8:04,7/16/15,21:32:00,0.04,0.21,3.39,15.8,17.1,89.4,7.59,278,Y,N,Y,10%,P,R,N,U,Y,Y,I,N
115,7/15/15,B,Q2V4,W33,7/15/15 10:51,0.55,0.57,1.28,19.6,19.8,75.3,6.93,725,Y,T,R,N,U,Y,Y,7/15/15 11:00,0.56,0.58,0.40,19.4,72.8,6.90,739,90,1.0,7/15/15 11:02,0.54,0.60,0.53,18.7,71.2,7.00,740,7/15/15 14:45,7/15/15,3:54,0.50,0.51,0.54,22.4,19.4,75.7,6.93,720,7/16/15 8:12,7/16/15,21:21:00,0.38,0.43,0.46,15.5,16.6,133.1,7.21,705,N,N,Y,80%,P,R,N,U,Y,Y,I,N
116,7/15/15,B,Q2V4,W33,7/15/15 11:14,0.56,0.61,1.31,18.7,20.3,70.7,6.00,328,Y,T,Collapsible,N,U,Y,Y,7/15/15 11:17,0.55,0.58,0.03,20.4,70.8,6.05,743,35,1.0,7/15/15 11:29,0.43,0.50,0.46,20.6,70.7,6.00,358,7/15/15 14:05,7/15/15,2:51,0.39,0.43,0.52,21.2,19.5,70.1,7.13,,7/16/15 8:20,7/16/15,21:06:00,0.15,0.18,0.94,15.6,16.4,81.9,7.38,648,N,N,Y,55%,P,Collapsible,N,U,Y,Y,I,N
117,7/15/15,B,Q2V4,W33,7/15/15 15:06,0.49,0.52,0.95,20.2,21.3,75.3,6.92,731,Y,T,Collapsible,N,U,Y,White,7/15/15 15:15,0.46,0.48,0.83,21.2,70.3,7.14,748,45,1.0,7/15/15 15:23,0.36,0.39,5.45,21.4,71.2,6.04,756,,7/15/15,,,,,,,,,,7/16/15 8:32,7/16/15,17:26:00,0.10,0.11,,15.2,15.8,108.0,7.28,553,N,N,Y,42%,P,Collapsible,N,U,Y,White,I,N
118,7/16/15,B,Q2V4,W22,7/16/15 10:25,0.79,0.81,1.32,24.6,20.8,81.4,7.04,725,Y,T,R,N,U,Y,Y,7/16/15 10:35,0.75,0.76,0.43,20.2,90.2,6.82,769,38,1.0,7/16/15 11:15,0.68,0.69,0.49,20.6,123.8,7.04,727,7/16/15 13:46,7/16/15,3:21,0.45,0.51,1.36,23.0,,89.2,7.03,715,7/17/15 11:30,7/17/15,25:05:00,0.34,0.39,2.78,22.1,22.4,79.5,7.47,369,N,N,Y,20%,P,R,N,U,Y,Y,I,N
119,7/16/15,B,Q6V4,W22,7/16/15 10:44,0.81,0.82,0.57,24.9,20.5,98.3,6.99,744,Y,T,R,N,U,Y,Y,7/16/15 10:51,0.75,0.82,1.02,20.7,81.3,7.30,755,45,1.0,7/16/15 11:00,0.76,0.83,0.66,19.4,83.3,7.11,738,7/16/15 13:55,7/16/15,3:11,0.68,0.70,1.03,82.7,21.3,83.2,7.17,725,7/17/15 11:40,7/17/15,24:56:00,0.45,0.51,1.23,22.4,17.8,93.2,7.56,694,N,N,Y,20%,P,R,N,U,Y,Y,I,N
120,7/16/15,B,Q6V4,W22,7/16/15 10:54,0.82,0.83,,24.2,20.9,82.0,6.98,740,Y,T,Oil container,N,U,Y,Y,7/16/15 11:20,0.86,0.89,,20.6,98.5,6.84,757,40,1.0,7/16/15 11:32,0.76,0.80,0.58,20.6,83.7,6.94,355,7/16/15 14:00,7/16/15,3:06,0.67,0.77,0.82,23.4,20.7,86.7,7.02,747,7/17/15 11:47,7/17/15,24:53:00,0.32,0.38,1.49,23.2,18.1,92.2,7.22,623,N,N,Y,28%,P,Oil Container,N,U,Y,Y,I,N
121,7/16/15,B,Q6V4,W22,7/16/15 14:35,0.91,0.95,0.92,22.6,22.4,114.6,6.94,757,Y,T,R,N,U,Y,Y,7/16/15 14:40,0.80,0.84,1.10,21.7,93.8,6.99,765,,,7/16/15 14:48,0.90,0.93,1.68,21.1,86.0,7.06,756,,7/16/15,,,,,,,,,,7/17/15 11:54,7/17/15,21:19:00,0.68,0.69,1.92,22.9,18.5,83.0,7.36,692,N,N,Y,30%,P,R,N,U,Y,Y,I,N
122,7/16/15,B,Q6V4,W22,7/16/15 14:55,0.97,1.05,0.70,24.1,21.6,94.0,6.91,768,Y,T,R,N,U,Y,Y,7/16/15 15:08,0.93,1.01,1.04,21.9,80.5,6.98,758,2,0.0,7/16/15 15:14,0.97,1.02,0.77,21.4,79.9,6.96,772,,7/16/15,,,,,,,,,,7/17/15 12:02,7/17/15,21:07:00,0.58,0.66,0.78,22.7,18.7,85.7,7.23,733,N,N,Y,70%,P,R,N,U,Y,White,I,N
123,7/15/15,B,Q2V4,W33,7/15/15 9:49,0.52,0.61,0.43,22.3,20.4,98.0,8.99,701,Y,T,R,N,U,Y,Y,7/15/15 10:08,0.52,0.56,1.24,19.3,78.1,7.20,736,7,0.0,7/15/15 10:14,0.49,0.53,0.62,20.3,86.4,6.96,749,7/15/15 15:33,7/15/15,5:44,0.47,0.49,0.46,26.5,21.6,92.2,6.95,749,7/16/15 8:51,7/16/15,23:02:00,0.31,0.37,0.48,16.0,17.2,134.7,7.19,712,,,,,,,,,,,,
124,7/15/15,B,Q2V4,W33,7/15/15 10:17,0.51,0.59,0.38,18.1,19.9,88.9,6.72,755,Y,T,R,N,U,Y,Y,7/15/15 10:21,0.52,0.58,0.41,19.5,92.6,6.92,745,80,1.0,7/15/15 10:36,0.53,0.59,0.39,20.9,77.1,7.06,724,7/15/15 14:20,7/15/15,4:03,0.34,0.51,1.33,22.1,20.9,77.4,7.08,710,7/16/15 8:20,7/16/15,22:03:00,0.04,0.11,2.23,15.8,16.3,78.9,7.66,387,N,N,Y,4%,P,Oil Container,N,U,Y,White,I,N
125,7/15/15,B,Q2V4,W33,7/15/15 10:48,0.53,0.67,0.34,21.6,20.3,76.7,6.90,737,Y,T,R,N,U,Y,Y,7/15/15 10:54,0.49,0.54,0.31,17.2,78.2,7.04,735,85,1.3,7/15/15 10:58,0.47,0.56,0.48,17.3,78.3,6.93,741,7/15/15 14:45,7/15/15,3:57,0.48,0.52,0.76,18.0,18.5,76.9,6.98,746,,7/16/15,,,,,,,,,,Y,Y,Y,40%,P,R,N,U,Y,Y,I,N
126,7/15/15,B,Q2V4,W33,7/15/15 11:05,0.55,0.60,0.35,23.2,21.3,80.8,6.92,725,Y,T,R,N,U,Y,Y,7/15/15 11:12,0.52,0.55,0.11,19.7,74.7,6.72,723,79,1.3,7/15/15 11:22,0.48,0.49,0.32,20.1,76.3,6.90,751,7/15/15 14:31,7/15/15,3:26,0.40,0.46,0.61,22.3,19.8,90.4,7.00,721,,7/16/15,,,,,,,,,,Y,Y,Y,30%,P,Oil Container,N,U,Y,Y,I,N
127,7/15/15,B,Q2V4,W33,7/15/15 15:50,0.56,,0.44,18.2,20.0,79.3,6.99,739,Y,T,R,N,U,Y,Y,7/15/15 15:58,0.55,0.60,0.69,20.2,79.6,6.92,707,45,0.7,7/15/15 16:08,0.48,0.56,0.56,20.5,79.4,7.01,736,,7/15/15,,,,,,,,,,7/16/15 8:41,7/16/15,16:51:00,0.32,0.35,0.89,15.1,15.6,140.9,7.59,690,N,N,Y,3%,P,R,N,U,Y,Y,I,N
128,7/16/15,B,Q6V4,W22,7/16/15 10:11,0.80,0.88,0.48,24.9,20.2,136.1,6.07,303,Y,T,R,N,U,Y,Y,7/16/15 10:21,0.78,0.79,0.56,19.5,84.4,6.89,762,9,0.2,7/16/15 10:36,0.78,0.81,0.28,19.6,81.5,6.95,754,7/16/15 14:29,7/16/15,4:18,0.48,0.57,0.56,23.5,20.3,88.1,7.02,722,,7/17/15,,,,,,,,,,N,Y,Y,20%,P,Oil Container,N,U,Y,Y,I,N
129,7/16/15,B,Q6V4,W22,7/16/15 10:44,0.68,0.78,0.01,19.0,20.0,75.1,6.89,756,Y,T,R,N,U,Y,Y,7/16/15 10:50,0.76,0.80,0.57,20.4,101.6,6.94,759,10,0.2,7/16/15 10:57,0.72,0.84,1.05,19.8,74.2,6.78,773,7/16/15 14:16,7/16/15,3:32,0.66,0.78,0.52,25.4,21.6,76.6,6.93,748,7/17/15 12:05,7/17/15,25:21:00,0.22,0.29,1.55,24.2,20.5,114.4,7.40,636,N,N,Y,30%,P,R,N,D,Y,Y,I,N
130,7/16/15,B,Q6V4,W22,7/16/15 11:04,0.79,0.86,0.01,19.1,19.7,93.3,6.83,781,Y,T,R,N,U,Y,Y,7/16/15 11:11,0.77,0.82,0.36,19.5,90.6,6.94,779,65,1.0,7/16/15 11:19,0.79,0.80,0.41,19.5,73.5,6.77,784,7/16/15 13:53,7/16/15,2:49,0.66,0.72,0.63,25.1,20.6,79.4,6.93,736,7/17/15 11:59,7/17/15,24:55:00,0.57,0.58,0.86,22.8,18.9,100.0,7.24,719,N,N,Y,50%,P,R,N,U,Y,Y,I,N
131,7/16/15,B,Q6V4,W22,7/16/15 14:35,0.92,1.13,0.82,22.0,20.8,78.1,6.90,764,Y,T,Oil container,N,D,Y,Y,7/16/15 14:40,0.91,1.11,0.54,20.8,73.8,6.85,759,60,1.0,7/16/15 14:48,0.94,1.04,0.58,21.0,75.3,6.92,772,,7/16/15,,,,,,,,,,7/17/15 11:54,7/17/15,21:19:00,0.31,0.37,1.17,24.3,21.6,94.7,7.05,697,N,N,Y,90%,P,Oil Container,N,D,Y,Y,I,N
132,7/16/15,B,Q6V4,W22,7/16/15 14:55,0.98,1.09,0.83,22.4,20.9,78.6,6.80,772,Y,T,Oil container,N,C,Y,Y,7/16/15 15:08,0.94,1.05,0.90,21.5,77.9,6.64,772,75,1.0,7/16/15 15:14,0.85,0.92,0.82,21.2,73.4,6.71,763,,7/16/15,,,,,,,,,,7/17/15 11:47,7/17/15,20:52:00,0.33,0.40,1.92,22.3,19.0,88.0,7.22,691,N,N,Y,30%,P,R,N,U,Y,White,I,N
133,7/15/15,B,Q2V4,W33,7/15/15 16:16,0.56,0.59,0.99,19.2,20.4,130.2,6.95,739,Y,T,Collapsible,N,U,N,White,7/15/15 16:22,0.55,0.61,0.70,20.0,79.0,6.84,748,15,0.2,7/15/15 16:26,0.50,0.56,0.72,20.7,81.0,7.07,733,,7/15/15,,,,,,,,,,7/16/15 8:59,7/16/15,16:43:00,0.24,0.28,0.52,16.0,15.9,147.5,7.47,672,Y,N,Y,40%,P,R,N,U,N,Y,I,N
134,7/15/15,B,Q2V4,W33,7/15/15 15:20,0.55,0.57,0.32,20.2,20.9,71.5,7.02,736,Y,T,R,N,U,Y,Y,7/15/15 15:26,0.51,0.55,1.20,20.9,70.6,6.14,628,80,2.0,7/15/15 15:34,0.50,0.52,1.55,20.1,71.0,7.40,712,,7/15/15,,,,,,,,,,7/16/15 8:41,7/16/15,17:21:00,0.23,0.24,0.70,15.6,16.4,87.8,7.54,606,Y,N,Y,20%,P,Oil Container,N,U,Y,Y,I,N
,,,,,,,,,,,,,,,,,,,,,,,,,,,,,,,,,,,,,,,,,,,,,,,,,,,,,,,,,,,,,,,,,,,,,,,,
,,,,,,,,,,,,,,,,,,,,,,,,,,,,,,,,,,,,,,,,,,,,,,,,,,,,,,,,,,,,,,,,,,,,,,,,
,,,,,,,,,,,,,,,,,,,,,,,,,,,,,,,,,,,,,,,,,,,,,,,,,,,,,,,,,,,,,,,,,,,,,,,,
,,,,,,,,,,,,,,,,,,,,,,,,,,,,,,,,,,,,,,,,,,,,,,,,,,,,,,,,,,,,,,,,,,,,,,,,
,,,,,,,,,,,,,,,,,,,,,,,,,,,,,,,,,,,,,,,,,,,,,,,,,,,,,,,,,,,,,,,,,,,,,,,,
,,,,,,,,,,,,,,,,,,,,,,,,,,,,,,,,,,,,,,,,,,,,,,,,,,,,,,,,,,,,,,,,,,,,,,,,
,,,,,,,,,,,,,,,,,,,,,,,,,,,,,,,,,,,,,,,,,,,,,,,,,,,,,,,,,,,,,,,,,,,,,,,,
,,,,,,,,,,,,,,,,,,,,,,,,,,,,,,,,,,,,,,,,,,,,,,,,,,,,,,,,,,,,,,,,,,,,,,,,
,,,,,,,,,,,,,,,,,,,,,,,,,,,,,,,,,,,,,,,,,,,,,,,,,,,,,,,,,,,,,,,,,,,,,,,,
,,,,,,,,,,,,,,,,,,,,,,,,,,,,,,,,,,,,,,,,,,,,,,,,,,,,,,,,,,,,,,,,,,,,,,,,
,,,,,,,,,,,,,,,,,,,,,,,,,,,,,,,,,,,,,,,,,,,,,,,,,,,,,,,,,,,,,,,,,,,,,,,,
,,,,,,,,,,,,,,,,,,,,,,,,,,,,,,,,,,,,,,,,,,,,,,,,,,,,,,,,,,,,,,,,,,,,,,,,
,,,,,,,,,,,,,,,,,,,,,,,,,,,,,,,,,,,,,,,,,,,,,,,,,,,,,,,,,,,,,,,,,,,,,,,,
,,,,,,,,,,,,,,,,,,,,,,,,,,,,,,,,,,,,,,,,,,,,,,,,,,,,,,,,,,,,,,,,,,,,,,,,
,,,,,,,,,,,,,,,,,,,,,,,,,,,,,,,,,,,,,,,,,,,,,,,,,,,,,,,,,,,,,,,,,,,,,,,,
,,,,,,,,,,,,,,,,,,,,,,,,,,,,,,,,,,,,,,,,,,,,,,,,,,,,,,,,,,,,,,,,,,,,,,,,
,,,,,,,,,,,,,,,,,,,,,,,,,,,,,,,,,,,,,,,,,,,,,,,,,,,,,,,,,,,,,,,,,,,,,,,,
,,,,,,,,,,,,,,,,,,,,,,,,,,,,,,,,,,,,,,,,,,,,,,,,,,,,,,,,,,,,,,,,,,,,,,,,
,,,,,,,,,,,,,,,,,,,,,,,,,,,,,,,,,,,,,,,,,,,,,,,,,,,,,,,,,,,,,,,,,,,,,,,,
,,,,,,,,,,,,,,,,,,,,,,,,,,,,,,,,,,,,,,,,,,,,,,,,,,,,,,,,,,,,,,,,,,,,,,,,
,,,,,,,,,,,,,,,,,,,,,,,,,,,,,,,,,,,,,,,,,,,,,,,,,,,,,,,,,,,,,,,,,,,,,,,,
,,,,,,,,,,,,,,,,,,,,,,,,,,,,,,,,,,,,,,,,,,,,,,,,,,,,,,,,,,,,,,,,,,,,,,,,
,,,,,,,,,,,,,,,,,,,,,,,,,,,,,,,,,,,,,,,,,,,,,,,,,,,,,,,,,,,,,,,,,,,,,,,,
,,,,,,,,,,,,,,,,,,,,,,,,,,,,,,,,,,,,,,,,,,,,,,,,,,,,,,,,,,,,,,,,,,,,,,,,
,,,,,,,,,,,,,,,,,,,,,,,,,,,,,,,,,,,,,,,,,,,,,,,,,,,,,,,,,,,,,,,,,,,,,,,,
,,,,,,,,,,,,,,,,,,,,,,,,,,,,,,,,,,,,,,,,,,,,,,,,,,,,,,,,,,,,,,,,,,,,,,,,
,,,,,,,,,,,,,,,,,,,,,,,,,,,,,,,,,,,,,,,,,,,,,,,,,,,,,,,,,,,,,,,,,,,,,,,,
,,,,,,,,,,,,,,,,,,,,,,,,,,,,,,,,,,,,,,,,,,,,,,,,,,,,,,,,,,,,,,,,,,,,,,,,
,,,,,,,,,,,,,,,,,,,,,,,,,,,,,,,,,,,,,,,,,,,,,,,,,,,,,,,,,,,,,,,,,,,,,,,,
,,,,,,,,,,,,,,,,,,,,,,,,,,,,,,,,,,,,,,,,,,,,,,,,,,,,,,,,,,,,,,,,,,,,,,,,
,,,,,,,,,,,,,,,,,,,,,,,,,,,,,,,,,,,,,,,,,,,,,,,,,,,,,,,,,,,,,,,,,,,,,,,,
,,,,,,,,,,,,,,,,,,,,,,,,,,,,,,,,,,,,,,,,,,,,,,,,,,,,,,,,,,,,,,,,,,,,,,,,
,,,,,,,,,,,,,,,,,,,,,,,,,,,,,,,,,,,,,,,,,,,,,,,,,,,,,,,,,,,,,,,,,,,,,,,,
,,,,,,,,,,,,,,,,,,,,,,,,,,,,,,,,,,,,,,,,,,,,,,,,,,,,,,,,,,,,,,,,,,,,,,,,
,,,,,,,,,,,,,,,,,,,,,,,,,,,,,,,,,,,,,,,,,,,,,,,,,,,,,,,,,,,,,,,,,,,,,,,,
,,,,,,,,,,,,,,,,,,,,,,,,,,,,,,,,,,,,,,,,,,,,,,,,,,,,,,,,,,,,,,,,,,,,,,,,
,,,,,,,,,,,,,,,,,,,,,,,,,,,,,,,,,,,,,,,,,,,,,,,,,,,,,,,,,,,,,,,,,,,,,,,,
,,,,,,,,,,,,,,,,,,,,,,,,,,,,,,,,,,,,,,,,,,,,,,,,,,,,,,,,,,,,,,,,,,,,,,,,
,,,,,,,,,,,,,,,,,,,,,,,,,,,,,,,,,,,,,,,,,,,,,,,,,,,,,,,,,,,,,,,,,,,,,,,,
,,,,,,,,,,,,,,,,,,,,,,,,,,,,,,,,,,,,,,,,,,,,,,,,,,,,,,,,,,,,,,,,,,,,,,,,
,,,,,,,,,,,,,,,,,,,,,,,,,,,,,,,,,,,,,,,,,,,,,,,,,,,,,,,,,,,,,,,,,,,,,,,,
,,,,,,,,,,,,,,,,,,,,,,,,,,,,,,,,,,,,,,,,,,,,,,,,,,,,,,,,,,,,,,,,,,,,,,,,
,,,,,,,,,,,,,,,,,,,,,,,,,,,,,,,,,,,,,,,,,,,,,,,,,,,,,,,,,,,,,,,,,,,,,,,,
,,,,,,,,,,,,,,,,,,,,,,,,,,,,,,,,,,,,,,,,,,,,,,,,,,,,,,,,,,,,,,,,,,,,,,,,
,,,,,,,,,,,,,,,,,,,,,,,,,,,,,,,,,,,,,,,,,,,,,,,,,,,,,,,,,,,,,,,,,,,,,,,,
,,,,,,,,,,,,,,,,,,,,,,,,,,,,,,,,,,,,,,,,,,,,,,,,,,,,,,,,,,,,,,,,,,,,,,,,
,,,,,,,,,,,,,,,,,,,,,,,,,,,,,,,,,,,,,,,,,,,,,,,,,,,,,,,,,,,,,,,,,,,,,,,,
,,,,,,,,,,,,,,,,,,,,,,,,,,,,,,,,,,,,,,,,,,,,,,,,,,,,,,,,,,,,,,,,,,,,,,,,
,,,,,,,,,,,,,,,,,,,,,,,,,,,,,,,,,,,,,,,,,,,,,,,,,,,,,,,,,,,,,,,,,,,,,,,,
,,,,,,,,,,,,,,,,,,,,,,,,,,,,,,,,,,,,,,,,,,,,,,,,,,,,,,,,,,,,,,,,,,,,,,,,
,,,,,,,,,,,,,,,,,,,,,,,,,,,,,,,,,,,,,,,,,,,,,,,,,,,,,,,,,,,,,,,,,,,,,,,,
,,,,,,,,,,,,,,,,,,,,,,,,,,,,,,,,,,,,,,,,,,,,,,,,,,,,,,,,,,,,,,,,,,,,,,,,
,,,,,,,,,,,,,,,,,,,,,,,,,,,,,,,,,,,,,,,,,,,,,,,,,,,,,,,,,,,,,,,,,,,,,,,,
,,,,,,,,,,,,,,,,,,,,,,,,,,,,,,,,,,,,,,,,,,,,,,,,,,,,,,,,,,,,,,,,,,,,,,,,
,,,,,,,,,,,,,,,,,,,,,,,,,,,,,,,,,,,,,,,,,,,,,,,,,,,,,,,,,,,,,,,,,,,,,,,,
,,,,,,,,,,,,,,,,,,,,,,,,,,,,,,,,,,,,,,,,,,,,,,,,,,,,,,,,,,,,,,,,,,,,,,,,
,,,,,,,,,,,,,,,,,,,,,,,,,,,,,,,,,,,,,,,,,,,,,,,,,,,,,,,,,,,,,,,,,,,,,,,,
,,,,,,,,,,,,,,,,,,,,,,,,,,,,,,,,,,,,,,,,,,,,,,,,,,,,,,,,,,,,,,,,,,,,,,,,
,,,,,,,,,,,,,,,,,,,,,,,,,,,,,,,,,,,,,,,,,,,,,,,,,,,,,,,,,,,,,,,,,,,,,,,,
,,,,,,,,,,,,,,,,,,,,,,,,,,,,,,,,,,,,,,,,,,,,,,,,,,,,,,,,,,,,,,,,,,,,,,,,
,,,,,,,,,,,,,,,,,,,,,,,,,,,,,,,,,,,,,,,,,,,,,,,,,,,,,,,,,,,,,,,,,,,,,,,,
,,,,,,,,,,,,,,,,,,,,,,,,,,,,,,,,,,,,,,,,,,,,,,,,,,,,,,,,,,,,,,,,,,,,,,,,
,,,,,,,,,,,,,,,,,,,,,,,,,,,,,,,,,,,,,,,,,,,,,,,,,,,,,,,,,,,,,,,,,,,,,,,,
,,,,,,,,,,,,,,,,,,,,,,,,,,,,,,,,,,,,,,,,,,,,,,,,,,,,,,,,,,,,,,,,,,,,,,,,
,,,,,,,,,,,,,,,,,,,,,,,,,,,,,,,,,,,,,,,,,,,,,,,,,,,,,,,,,,,,,,,,,,,,,,,,
,,,,,,,,,,,,,,,,,,,,,,,,,,,,,,,,,,,,,,,,,,,,,,,,,,,,,,,,,,,,,,,,,,,,,,,,
,,,,,,,,,,,,,,,,,,,,,,,,,,,,,,,,,,,,,,,,,,,,,,,,,,,,,,,,,,,,,,,,,,,,,,,,
,,,,,,,,,,,,,,,,,,,,,,,,,,,,,,,,,,,,,,,,,,,,,,,,,,,,,,,,,,,,,,,,,,,,,,,,
,,,,,,,,,,,,,,,,,,,,,,,,,,,,,,,,,,,,,,,,,,,,,,,,,,,,,,,,,,,,,,,,,,,,,,,,
,,,,,,,,,,,,,,,,,,,,,,,,,,,,,,,,,,,,,,,,,,,,,,,,,,,,,,,,,,,,,,,,,,,,,,,,
,,,,,,,,,,,,,,,,,,,,,,,,,,,,,,,,,,,,,,,,,,,,,,,,,,,,,,,,,,,,,,,,,,,,,,,,
,,,,,,,,,,,,,,,,,,,,,,,,,,,,,,,,,,,,,,,,,,,,,,,,,,,,,,,,,,,,,,,,,,,,,,,,
,,,,,,,,,,,,,,,,,,,,,,,,,,,,,,,,,,,,,,,,,,,,,,,,,,,,,,,,,,,,,,,,,,,,,,,,
,,,,,,,,,,,,,,,,,,,,,,,,,,,,,,,,,,,,,,,,,,,,,,,,,,,,,,,,,,,,,,,,,,,,,,,,
,,,,,,,,,,,,,,,,,,,,,,,,,,,,,,,,,,,,,,,,,,,,,,,,,,,,,,,,,,,,,,,,,,,,,,,,
,,,,,,,,,,,,,,,,,,,,,,,,,,,,,,,,,,,,,,,,,,,,,,,,,,,,,,,,,,,,,,,,,,,,,,,,
,,,,,,,,,,,,,,,,,,,,,,,,,,,,,,,,,,,,,,,,,,,,,,,,,,,,,,,,,,,,,,,,,,,,,,,,
,,,,,,,,,,,,,,,,,,,,,,,,,,,,,,,,,,,,,,,,,,,,,,,,,,,,,,,,,,,,,,,,,,,,,,,,
,,,,,,,,,,,,,,,,,,,,,,,,,,,,,,,,,,,,,,,,,,,,,,,,,,,,,,,,,,,,,,,,,,,,,,,,
,,,,,,,,,,,,,,,,,,,,,,,,,,,,,,,,,,,,,,,,,,,,,,,,,,,,,,,,,,,,,,,,,,,,,,,,
,,,,,,,,,,,,,,,,,,,,,,,,,,,,,,,,,,,,,,,,,,,,,,,,,,,,,,,,,,,,,,,,,,,,,,,,
,,,,,,,,,,,,,,,,,,,,,,,,,,,,,,,,,,,,,,,,,,,,,,,,,,,,,,,,,,,,,,,,,,,,,,,,
,,,,,,,,,,,,,,,,,,,,,,,,,,,,,,,,,,,,,,,,,,,,,,,,,,,,,,,,,,,,,,,,,,,,,,,,
,,,,,,,,,,,,,,,,,,,,,,,,,,,,,,,,,,,,,,,,,,,,,,,,,,,,,,,,,,,,,,,,,,,,,,,,
,,,,,,,,,,,,,,,,,,,,,,,,,,,,,,,,,,,,,,,,,,,,,,,,,,,,,,,,,,,,,,,,,,,,,,,,
,,,,,,,,,,,,,,,,,,,,,,,,,,,,,,,,,,,,,,,,,,,,,,,,,,,,,,,,,,,,,,,,,,,,,,,,